,,sample.id,EV1,EV2,EV3,Pop_Code,Species,Class,Class
1,22,PLS2008,-0.0189,-0.0217,-0.0158,AD1,AD1,,Mutant
2,23,PLS2009,-0.0193,-0.0229,0.0114,AD1,AD1,,Mutant
3,281,PLS2011,-0.0193,-0.0227,0.0114,AD1,AD1,,Mutant
4,282,PLS2012,-0.0193,-0.0227,0.0115,AD1,AD1,,Mutant
5,286,PLS2013,-0.0193,-0.0229,0.0116,AD1,AD1,,Mutant
6,287,PLS2014,-0.0189,-0.0217,-0.0158,AD1,AD1,,Mutant
7,288,BYU1190,-0.0192,-0.0199,0.011,AD1,AD1,,Mutant
8,289,BYU1191,-0.0193,-0.0203,0.0119,AD1,AD1,,Mutant
9,290,BYU1192,-0.0193,-0.0204,0.0118,AD1,AD1,,Mutant
10,291,BYU1193,-0.0185,-0.0151,-0.0212,AD1,AD1,,Mutant
11,292,BYU1194,-0.0193,-0.0206,0.012,AD1,AD1,,Mutant
12,293,BYU1195,-0.0186,-0.0164,-0.0169,AD1,AD1,,Mutant
13,294,BYU1196,0.0008,0.0473,-0.1123,AD1,AD1,,Mutant
14,301,BYU1197,-0.0193,-0.0206,0.012,AD1,AD1,,Mutant
15,305,BYU1198,0.0614,-0.0096,0.014,AD1,AD1,,Mutant
16,309,BYU1199,-0.0193,-0.0204,0.0119,AD1,AD1,,Mutant
17,310,BYU1200,-0.0192,-0.022,-0.0135,AD1,AD1,,Mutant
18,311,BYU1201,-0.0185,-0.0211,-0.0143,AD1,AD1,,Mutant
19,312,BYU1202,-0.0189,-0.0193,-0.0124,AD1,AD1,,Mutant
20,313,BYU1203,-0.0013,0.0446,-0.1044,AD1,AD1,,Mutant
21,314,BYU1204,-0.0191,-0.0196,-0.0027,AD1,AD1,,Mutant
22,315,BYU1205,-0.0193,-0.0205,0.0118,AD1,AD1,,Mutant
23,316,BYU1206,-0.0193,-0.0206,0.0103,AD1,AD1,,Mutant
24,317,BYU1207,-0.0183,-0.0143,-0.0275,AD1,AD1,,Mutant
25,318,BYU1208,-0.0183,-0.0143,-0.0279,AD1,AD1,,Mutant
26,319,BYU1209,-0.0187,-0.0144,0.0045,AD1,AD1,,Mutant
27,441,PLS4005,-0.0187,-0.0195,-0.0036,AD1,AD1,,
28,21,PLS2001,-0.0193,-0.0222,0.0082,AD1C,AD1,Cultivar,Cultivar
29,40,PLS6004,-0.0191,-0.0224,0.0118,AD1C,AD1,Cultivar,Cultivar
30,41,PLS2002,-0.0193,-0.0231,-0.007,AD1C,AD1,Cultivar,Cultivar
31,42,PLS1004,-0.0195,-0.0238,0.0118,AD1C,AD1,Cultivar,Cultivar
32,43,BYU1024,-0.0189,-0.02,-0.0173,AD1C,AD1,Cultivar,Cultivar
33,44,BYU1032,-0.0173,-0.0219,0.0114,AD1C,AD1,Cultivar,Cultivar
34,45,BYU1036,-0.0181,-0.0102,-0.0083,AD1C,AD1,Cultivar,Cultivar
35,46,BYU1037,-0.0188,-0.0194,0.0103,AD1C,AD1,Cultivar,Cultivar
36,47,BYU1061,-0.0183,-0.0182,-0.0226,AD1C,AD1,Cultivar,Cultivar
37,48,BYU1069,-0.0182,-0.0166,-0.0268,AD1C,AD1,Cultivar,Cultivar
38,49,BYU1002,-0.0189,-0.0186,0.0094,AD1C,AD1,Cultivar,Cultivar
39,50,BYU1013,-0.0185,-0.0155,0.0023,AD1C,AD1,Cultivar,Cultivar
40,51,BYU1021,-0.0192,-0.0216,0.01,AD1C,AD1,Cultivar,Cultivar
41,52,BYU1001,-0.019,-0.0194,0.0061,AD1C,AD1,Cultivar,Cultivar
42,53,BYU1003,-0.0188,-0.0154,0.003,AD1C,AD1,Cultivar,Cultivar
43,54,BYU1004,-0.0187,-0.0189,0.0012,AD1C,AD1,Cultivar,Cultivar
44,55,BYU1005,-0.0183,-0.0165,-0.0264,AD1C,AD1,Cultivar,Cultivar
45,56,BYU1006,-0.0189,-0.0143,0.0039,AD1C,AD1,Cultivar,Cultivar
46,57,BYU1008,-0.0186,-0.0171,-0.0169,AD1C,AD1,Cultivar,Cultivar
47,58,BYU1009,-0.0193,-0.0223,0.012,AD1C,AD1,Cultivar,Cultivar
48,59,BYU1010,-0.0184,-0.0174,-0.0208,AD1C,AD1,Cultivar,Cultivar
49,60,BYU1011,-0.0188,-0.0163,0.0078,AD1C,AD1,Cultivar,Cultivar
50,61,BYU1012,-0.0087,-0.0199,0.004,AD1C,AD1,Cultivar,Cultivar
51,62,BYU1014,-0.0192,-0.0196,0.0085,AD1C,AD1,Cultivar,Cultivar
52,63,BYU1015,-0.018,-0.0196,0.0083,AD1C,AD1,Cultivar,Cultivar
53,64,BYU1016,-0.0186,-0.019,-0.0172,AD1C,AD1,Cultivar,Cultivar
54,65,BYU1017,-0.0194,-0.0223,0.0101,AD1C,AD1,Cultivar,Cultivar
55,66,BYU1018,-0.0195,-0.0215,0.0133,AD1C,AD1,Cultivar,Cultivar
56,67,BYU1019,-0.0186,-0.021,0.0093,AD1C,AD1,Cultivar,Cultivar
57,68,BYU1020,-0.0192,-0.0218,-0.0126,AD1C,AD1,Cultivar,Cultivar
58,69,BYU1022,-0.0191,-0.0193,0.0073,AD1C,AD1,Cultivar,Cultivar
59,70,BYU1023,-0.0193,-0.0204,0.0108,AD1C,AD1,Cultivar,Cultivar
60,71,BYU1025,-0.0195,-0.0223,0.0112,AD1C,AD1,Cultivar,Cultivar
61,72,BYU1026,-0.0194,-0.0215,0.0107,AD1C,AD1,Cultivar,Cultivar
62,73,BYU1027,-0.0189,-0.0174,0.0032,AD1C,AD1,Cultivar,Cultivar
63,74,BYU1028,-0.0195,-0.0224,0.011,AD1C,AD1,Cultivar,Cultivar
64,75,BYU1029,-0.0186,-0.0145,-0.0187,AD1C,AD1,Cultivar,Cultivar
65,76,BYU1030,-0.0189,-0.0187,-0.0191,AD1C,AD1,Cultivar,Cultivar
66,77,BYU1031,-0.0193,-0.0214,0.0128,AD1C,AD1,Cultivar,Cultivar
67,78,BYU1033,-0.0189,-0.02,-0.0109,AD1C,AD1,Cultivar,Cultivar
68,79,BYU1034,-0.0192,-0.0189,0.0083,AD1C,AD1,Cultivar,Cultivar
69,80,BYU1035,-0.019,-0.0181,0.0116,AD1C,AD1,Cultivar,Cultivar
70,81,BYU1038,-0.0185,-0.0102,0.0175,AD1C,AD1,Cultivar,Cultivar
71,82,BYU1039,-0.0191,-0.0218,-0.0141,AD1C,AD1,Cultivar,Cultivar
72,83,BYU1040,-0.019,-0.0184,0.0067,AD1C,AD1,Cultivar,Cultivar
73,84,BYU1042,-0.0192,-0.0199,0.0075,AD1C,AD1,Cultivar,Cultivar
74,85,BYU1043,-0.019,-0.0186,0.0103,AD1C,AD1,Cultivar,Cultivar
75,86,BYU1044,-0.0192,-0.0203,0.0057,AD1C,AD1,Cultivar,Cultivar
76,87,BYU1045,-0.0191,-0.0185,0.0076,AD1C,AD1,Cultivar,Cultivar
77,88,BYU1046,-0.0194,-0.0207,0.0111,AD1C,AD1,Cultivar,Cultivar
78,89,BYU1047,-0.0194,-0.0224,0.0129,AD1C,AD1,Cultivar,Cultivar
79,90,BYU1048,-0.0192,-0.0206,0.0114,AD1C,AD1,Cultivar,Cultivar
80,91,BYU1049,-0.0183,-0.0167,-0.0261,AD1C,AD1,Cultivar,Cultivar
81,92,BYU1050,-0.0194,-0.0218,0.0107,AD1C,AD1,Cultivar,Cultivar
82,93,BYU1051,-0.019,-0.0192,0.0077,AD1C,AD1,Cultivar,Cultivar
83,94,BYU1053,-0.0194,-0.0214,0.0114,AD1C,AD1,Cultivar,Cultivar
84,95,BYU1054,-0.0179,-0.0088,-0.0081,AD1C,AD1,Cultivar,Cultivar
85,96,BYU1055,-0.019,-0.0189,0.0102,AD1C,AD1,Cultivar,Cultivar
86,97,BYU1056,-0.019,-0.0166,0.0043,AD1C,AD1,Cultivar,Cultivar
87,98,BYU1058,-0.0187,-0.0139,-0.0007,AD1C,AD1,Cultivar,Cultivar
88,99,BYU1060,-0.0188,-0.0164,0.0028,AD1C,AD1,Cultivar,Cultivar
89,100,BYU1062,-0.0188,-0.021,0.0109,AD1C,AD1,Cultivar,Cultivar
90,101,BYU1063,-0.0181,-0.0206,0.009,AD1C,AD1,Cultivar,Cultivar
91,102,BYU1064,-0.0188,-0.0163,0.0042,AD1C,AD1,Cultivar,Cultivar
92,103,BYU1065,-0.0193,-0.0201,0.0123,AD1C,AD1,Cultivar,Cultivar
93,104,BYU1066,-0.019,-0.0194,0.008,AD1C,AD1,Cultivar,Cultivar
94,105,BYU1067,-0.019,-0.0186,0.0083,AD1C,AD1,Cultivar,Cultivar
95,106,BYU1068,-0.0191,-0.0169,0.0096,AD1C,AD1,Cultivar,Cultivar
96,107,BYU1070,-0.0187,-0.0123,0.0039,AD1C,AD1,Cultivar,Cultivar
97,108,BYU1071,-0.0193,-0.0208,0.0094,AD1C,AD1,Cultivar,Cultivar
98,109,BYU1072,-0.0193,-0.0207,0.0102,AD1C,AD1,Cultivar,Cultivar
99,111,PLS1001,-0.0193,-0.021,0.0109,AD1C,AD1,Cultivar,Cultivar
100,112,PLS2003,-0.0194,-0.0227,0.0125,AD1C,AD1,Cultivar,Cultivar
101,113,BYU1059,-0.0192,-0.0213,0.0113,AD1C,AD1,Cultivar,Cultivar
102,114,BYU1073,-0.0192,-0.0202,0.0074,AD1C,AD1,Cultivar,Cultivar
103,115,BYU1007,-0.0188,-0.0152,0.0063,AD1C,AD1,Cultivar,Cultivar
104,116,BYU1041,-0.0184,-0.0185,-0.0168,AD1C,AD1,Cultivar,Cultivar
105,117,BYU1052,-0.0194,-0.0214,0.0124,AD1C,AD1,Cultivar,Cultivar
106,118,BYU1057,-0.0186,-0.0194,-0.019,AD1C,AD1,Cultivar,Cultivar
107,119,PLS1005,-0.0187,-0.0224,0.0099,AD1C,AD1,Cultivar,Cultivar
108,120,PLS2004,-0.0187,-0.0234,0.0061,AD1C,AD1,Cultivar,Cultivar
109,320,PLS1006,-0.0192,-0.0224,0.0119,AD1C,AD1,Cultivar,Cultivar
110,321,PLS1002,-0.0192,-0.0214,0.009,AD1C,AD1,Cultivar,Cultivar
111,322,BYU1074,-0.0194,-0.0222,0.0129,AD1C,AD1,Cultivar,Cultivar
112,323,BYU1075,-0.0192,-0.0208,0.0087,AD1C,AD1,Cultivar,Cultivar
113,327,PLS1007,-0.0194,-0.0224,0.0111,AD1C,AD1,Cultivar,Cultivar
114,329,PLS2005,-0.0195,-0.0235,0.009,AD1C,AD1,Cultivar,Cultivar
115,332,BYU1077,-0.0158,0.0189,-0.0036,AD1C,AD1,Cultivar,Cultivar
116,333,BYU1078,-0.0187,-0.0143,-0.0009,AD1C,AD1,Cultivar,Cultivar
117,334,BYU1079,-0.0188,-0.0153,0.0034,AD1C,AD1,Cultivar,Cultivar
118,335,BYU1080,-0.0186,-0.0183,-0.0231,AD1C,AD1,Cultivar,Cultivar
119,336,BYU1081,-0.0185,-0.0137,0.0008,AD1C,AD1,Cultivar,Cultivar
120,337,BYU1082,-0.0184,-0.0148,-0.0217,AD1C,AD1,Cultivar,Cultivar
121,338,BYU1083,-0.0185,-0.0133,0.0007,AD1C,AD1,Cultivar,Cultivar
122,339,BYU1084,-0.0189,-0.0194,0.0086,AD1C,AD1,Cultivar,Cultivar
123,340,BYU1085,-0.0192,-0.022,-0.012,AD1C,AD1,Cultivar,Cultivar
124,341,BYU1086,-0.0189,-0.0186,-0.0161,AD1C,AD1,Cultivar,Cultivar
125,342,BYU1087,-0.0188,-1.83E-02,0.0041,AD1C,AD1,Cultivar,Cultivar
126,343,BYU1089,-0.0175,-0.0133,-0.0165,AD1C,AD1,Cultivar,Cultivar
127,344,BYU1091,-0.0186,-0.0168,-0.0172,AD1C,AD1,Cultivar,Cultivar
128,345,BYU1092,-0.0187,-0.0148,0.0058,AD1C,AD1,Cultivar,Cultivar
129,346,BYU1093,-0.0181,-0.0094,0.0011,AD1C,AD1,Cultivar,Cultivar
130,347,BYU1094,-0.0191,-0.0197,0.0098,AD1C,AD1,Cultivar,Cultivar
131,348,BYU1095,-0.0193,-0.0197,0.0085,AD1C,AD1,Cultivar,Cultivar
132,349,BYU1096,-0.0185,-0.0154,-0.0256,AD1C,AD1,Cultivar,Cultivar
133,350,BYU1097,-0.0192,-0.0213,-0.0125,AD1C,AD1,Cultivar,Cultivar
134,351,BYU1098,-0.0188,-0.0176,-0.0146,AD1C,AD1,Cultivar,Cultivar
135,352,BYU1099,-0.0193,-0.0205,0.0095,AD1C,AD1,Cultivar,Cultivar
136,353,BYU1100,-0.0192,-0.0203,0.0055,AD1C,AD1,Cultivar,Cultivar
137,354,BYU1101,-0.0184,-0.0142,-0.0222,AD1C,AD1,Cultivar,Cultivar
138,355,BYU1102,-0.0193,-0.0204,0.0115,AD1C,AD1,Cultivar,Cultivar
139,356,BYU1103,-0.0187,-0.0178,-0.0213,AD1C,AD1,Cultivar,Cultivar
140,357,BYU1104,-0.0194,-0.0207,0.0114,AD1C,AD1,Cultivar,Cultivar
141,358,BYU1105,-0.0186,-0.0143,-0.0001,AD1C,AD1,Cultivar,Cultivar
142,359,BYU1106,-0.0193,-0.0206,0.0108,AD1C,AD1,Cultivar,Cultivar
143,360,BYU1107,-0.0186,-0.0159,0.0031,AD1C,AD1,Cultivar,Cultivar
144,361,BYU1108,-0.0187,-0.017,0.002,AD1C,AD1,Cultivar,Cultivar
145,362,BYU1109,-0.0194,-0.0224,0.0132,AD1C,AD1,Cultivar,Cultivar
146,363,BYU1110,-0.019,-0.0175,0.005,AD1C,AD1,Cultivar,Cultivar
147,364,BYU1111,-0.0192,-0.0204,0.0105,AD1C,AD1,Cultivar,Cultivar
148,365,BYU1112,-0.0194,-0.022,0.0121,AD1C,AD1,Cultivar,Cultivar
149,366,BYU1113,-0.0188,-0.0162,-0.0011,AD1C,AD1,Cultivar,Cultivar
150,367,BYU1114,-0.0194,-0.0215,0.01,AD1C,AD1,Cultivar,Cultivar
151,368,BYU1115,-0.0188,-1.64E-02,0.0009,AD1C,AD1,Cultivar,Cultivar
152,369,BYU1116,-0.0181,-0.0096,-0.0086,AD1C,AD1,Cultivar,Cultivar
153,370,BYU1117,-0.0185,-0.0137,-0.0031,AD1C,AD1,Cultivar,Cultivar
154,371,BYU1118,-0.0179,-0.01,-0.0069,AD1C,AD1,Cultivar,Cultivar
155,372,BYU1120,-0.0187,-0.0187,0.0061,AD1C,AD1,Cultivar,Cultivar
156,373,BYU1121,-0.0187,-0.0135,0.0066,AD1C,AD1,Cultivar,Cultivar
157,374,BYU1122,-0.0191,-0.0189,0.0125,AD1C,AD1,Cultivar,Cultivar
158,375,BYU1123,-0.0191,-0.0193,0.0093,AD1C,AD1,Cultivar,Cultivar
159,376,BYU1124,-0.019,-0.0186,0.0083,AD1C,AD1,Cultivar,Cultivar
160,377,BYU1125,-0.0191,-0.0184,0.0081,AD1C,AD1,Cultivar,Cultivar
161,378,BYU1126,-0.019,-0.0174,0.0056,AD1C,AD1,Cultivar,Cultivar
162,379,BYU1127,-0.0194,-2.10E-02,0.0106,AD1C,AD1,Cultivar,Cultivar
163,380,BYU1128,-0.0192,-0.0207,0.0105,AD1C,AD1,Cultivar,Cultivar
164,381,BYU1129,-0.0191,-0.0178,0.0108,AD1C,AD1,Cultivar,Cultivar
165,382,BYU1130,-0.019,-0.0171,0.0053,AD1C,AD1,Cultivar,Cultivar
166,383,BYU1131,-0.019,-0.0196,-0.0141,AD1C,AD1,Cultivar,Cultivar
167,384,BYU1132,-0.0189,-0.0192,-0.0148,AD1C,AD1,Cultivar,Cultivar
168,385,BYU1133,-0.016,0.0101,-0.0076,AD1C,AD1,Cultivar,Cultivar
169,386,BYU1134,-0.0175,-0.0024,-0.0191,AD1C,AD1,Cultivar,Cultivar
170,387,BYU1135,-0.0194,-0.0215,0.0111,AD1C,AD1,Cultivar,Cultivar
171,388,BYU1136,-0.0186,-0.0164,-0.0207,AD1C,AD1,Cultivar,Cultivar
172,389,BYU1137,-0.0191,-0.0201,0.0074,AD1C,AD1,Cultivar,Cultivar
173,390,BYU1138,-0.0192,-0.0205,0.012,AD1C,AD1,Cultivar,Cultivar
174,391,BYU1139,-0.0193,-0.0208,0.0098,AD1C,AD1,Cultivar,Cultivar
175,392,BYU1140,-0.0177,-0.0182,0.0074,AD1C,AD1,Cultivar,Cultivar
176,393,BYU1141,-0.0187,-0.015,0.0069,AD1C,AD1,Cultivar,Cultivar
177,394,BYU1143,-0.0186,-0.0155,0.0017,AD1C,AD1,Cultivar,Cultivar
178,395,BYU1144,-0.0191,-0.0153,0.0121,AD1C,AD1,Cultivar,Cultivar
179,396,BYU1145,-0.0187,-0.0129,0.0019,AD1C,AD1,Cultivar,Cultivar
180,397,BYU1146,0.0037,-0.0172,0.0104,AD1C,AD1,Cultivar,Cultivar
181,398,BYU1147,-0.0192,-0.0202,0.0092,AD1C,AD1,Cultivar,Cultivar
182,399,BYU1148,-0.0188,-0.0187,0.0079,AD1C,AD1,Cultivar,Cultivar
183,400,BYU1149,-0.0181,-0.0121,-0.0191,AD1C,AD1,Cultivar,Cultivar
184,401,BYU1151,-0.0187,-0.0205,0.0068,AD1C,AD1,Cultivar,Cultivar
185,402,BYU1152,-0.0189,-0.0198,-0.0175,AD1C,AD1,Cultivar,Cultivar
186,403,BYU1153,-0.0189,-0.0182,0.0078,AD1C,AD1,Cultivar,Cultivar
187,404,BYU1154,-0.0185,-0.0136,-0.0121,AD1C,AD1,Cultivar,Cultivar
188,405,BYU1155,-0.0194,-0.0218,0.0119,AD1C,AD1,Cultivar,Cultivar
189,406,BYU1156,-0.019,-0.0201,0.011,AD1C,AD1,Cultivar,Cultivar
190,407,BYU1157,-0.0191,-0.0201,0.0121,AD1C,AD1,Cultivar,Cultivar
191,408,BYU1158,-0.0186,-0.0139,-0.0038,AD1C,AD1,Cultivar,Cultivar
192,409,BYU1159,-0.0189,-0.0177,0.0048,AD1C,AD1,Cultivar,Cultivar
193,410,BYU1160,-0.0188,-0.0185,-0.019,AD1C,AD1,Cultivar,Cultivar
194,411,BYU1161,-0.0122,0.0482,-0.0541,AD1C,AD1,Cultivar,Cultivar
195,412,BYU1162,-0.0028,-0.0128,0.0078,AD1C,AD1,Cultivar,Cultivar
196,413,BYU1163,-0.0188,-0.0167,0.0091,AD1C,AD1,Cultivar,Cultivar
197,414,BYU1164,-0.0192,-0.0193,0.011,AD1C,AD1,Cultivar,Cultivar
198,415,BYU1166,-0.0189,-0.0199,0.0088,AD1C,AD1,Cultivar,Cultivar
199,416,BYU1167,-0.0185,-1.46E-02,-0.0022,AD1C,AD1,Cultivar,Cultivar
200,417,BYU1168,-0.0189,-0.0196,0.0093,AD1C,AD1,Cultivar,Cultivar
201,418,BYU1170,0.0012,-0.0138,0.0059,AD1C,AD1,Cultivar,Cultivar
202,419,BYU1171,-0.0187,-0.0102,0.0013,AD1C,AD1,Cultivar,Cultivar
203,420,BYU1172,-0.0185,-0.0154,-0.0189,AD1C,AD1,Cultivar,Cultivar
204,421,BYU1173,-0.0189,-0.0183,-0.016,AD1C,AD1,Cultivar,Cultivar
205,422,BYU1174,-0.0189,-0.0181,0.01,AD1C,AD1,Cultivar,Cultivar
206,423,BYU1175,-0.0192,-0.0217,-0.0136,AD1C,AD1,Cultivar,Cultivar
207,424,BYU1177,-0.017,0.0073,-0.0008,AD1C,AD1,Cultivar,Cultivar
208,425,BYU1178,-0.0195,-0.0222,0.0126,AD1C,AD1,Cultivar,Cultivar
209,426,BYU1179,-0.0187,-0.0149,0.0056,AD1C,AD1,Cultivar,Cultivar
210,427,BYU1180,-0.0192,-0.0199,0.0087,AD1C,AD1,Cultivar,Cultivar
211,428,BYU1181,-0.0183,-0.0104,-0.0003,AD1C,AD1,Cultivar,Cultivar
212,429,BYU1182,-0.0193,-0.021,0.0118,AD1C,AD1,Cultivar,Cultivar
213,430,BYU1183,-0.0184,-0.012,-0.0008,AD1C,AD1,Cultivar,Cultivar
214,431,BYU1184,-0.0177,-0.0201,0.0118,AD1C,AD1,Cultivar,Cultivar
215,432,BYU1185,-0.0195,-0.0233,0.0116,AD1C,AD1,Cultivar,Cultivar
216,433,BYU1186,-0.0195,-0.0232,0.0121,AD1C,AD1,Cultivar,Cultivar
217,434,BYU1187,-0.019,-0.0183,0.0118,AD1C,AD1,Cultivar,Cultivar
218,435,BYU1188,-0.0192,-0.0214,0.0102,AD1C,AD1,Cultivar,Cultivar
219,436,BYU1189,-0.019,-0.0204,0.0086,AD1C,AD1,Cultivar,Cultivar
220,443,PLS4007,-0.0193,-0.0235,-0.0128,AD1C,AD1,Cultivar,Cultivar
221,444,PLS4008,-0.0193,-0.0227,0.0085,AD1C,AD1,Cultivar,Cultivar
222,448,PLS4013,-0.0193,-0.0224,0.0122,AD1C,AD1,Cultivar,Cultivar
223,459,BYU1076,-0.0183,-0.0087,-0.0057,AD1C,AD1,Cultivar,Cultivar
224,460,BYU1088,-0.0191,-0.0176,0.0068,AD1C,AD1,Cultivar,Cultivar
225,461,BYU1090,-0.0188,-0.0174,0.0041,AD1C,AD1,Cultivar,Cultivar
226,463,BYU1119,-0.0189,-0.0176,0.0038,AD1C,AD1,Cultivar,Cultivar
227,465,BYU1142,-0.0191,-0.0185,0.0124,AD1C,AD1,Cultivar,Cultivar
228,466,BYU1150,-0.0185,-0.0138,0.0017,AD1C,AD1,Cultivar,Cultivar
229,467,BYU1165,-0.0193,-0.0213,0.011,AD1C,AD1,Cultivar,Cultivar
230,468,BYU1169,-0.0191,-0.0189,-0.0011,AD1C,AD1,Cultivar,Cultivar
231,469,BYU1176,-0.0195,-0.0218,0.0135,AD1C,AD1,Cultivar,Cultivar
232,470,PLS1009,-0.0195,-0.0242,0.0107,AD1C,AD1,Cultivar,Cultivar
233,471,PLS1035,-0.0192,-0.0208,0.0105,AD1C,AD1,Cultivar,Cultivar
234,472,PLS6006,-0.0161,-0.02,-0.002,AD1C,AD1,Cultivar,Cultivar
235,473,PLS6007,-0.017,-0.0206,-0.0004,AD1C,AD1,Cultivar,Cultivar
236,474,PLS5056,-0.0173,-0.0197,-0.0128,AD1C,AD1,Cultivar,Cultivar
237,475,PLS5006,-0.018,-0.0221,0.0124,AD1C,AD1,Cultivar,Cultivar
238,476,PLS5001,-0.0178,-0.0213,0.0093,AD1C,AD1,Cultivar,Cultivar
239,477,PLS5002,-0.0188,-0.0225,0.0125,AD1C,AD1,Cultivar,Cultivar
240,478,PLS5003,-0.018,-0.0204,0.0132,AD1C,AD1,Cultivar,Cultivar
241,479,PLS5004,-0.0183,-0.0227,0.0112,AD1C,AD1,Cultivar,Cultivar
242,480,PLS5005,-0.0181,-0.0222,0.0126,AD1C,AD1,Cultivar,Cultivar
243,481,PLS5007,-0.0185,-0.0208,0.0101,AD1C,AD1,Cultivar,Cultivar
244,482,PLS5008,-0.0177,-0.0213,-0.0122,AD1C,AD1,Cultivar,Cultivar
245,483,PLS5009,-0.0174,-0.0162,0.0022,AD1C,AD1,Cultivar,Cultivar
246,484,PLS5010,-0.0179,-0.0193,-0.0114,AD1C,AD1,Cultivar,Cultivar
247,485,PLS5011,-0.0188,-0.0222,0.0116,AD1C,AD1,Cultivar,Cultivar
248,486,PLS5012,-0.0172,-0.0163,0.0036,AD1C,AD1,Cultivar,Cultivar
249,487,PLS5013,-0.017,-0.0175,0.0082,AD1C,AD1,Cultivar,Cultivar
250,488,PLS5014,-0.0171,-0.0184,0.0082,AD1C,AD1,Cultivar,Cultivar
251,489,PLS5015,-0.0182,-0.0229,0.0129,AD1C,AD1,Cultivar,Cultivar
252,490,PLS5016,-0.0173,-0.0206,0.0088,AD1C,AD1,Cultivar,Cultivar
253,491,PLS5017,-0.0164,-0.0179,0.0045,AD1C,AD1,Cultivar,Cultivar
254,492,PLS5018,-0.0179,-0.0226,0.0098,AD1C,AD1,Cultivar,Cultivar
255,493,PLS5019,-0.0175,-0.0177,0.0037,AD1C,AD1,Cultivar,Cultivar
256,494,PLS5020,-0.0172,-0.0214,0.0126,AD1C,AD1,Cultivar,Cultivar
257,495,PLS5021,-0.0179,-0.0229,0.0133,AD1C,AD1,Cultivar,Cultivar
258,496,PLS5022,-0.0186,-0.0224,0.0131,AD1C,AD1,Cultivar,Cultivar
259,497,PLS5023,-0.0186,-0.0221,0.0121,AD1C,AD1,Cultivar,Cultivar
260,498,PLS5024,-0.0177,-0.0207,0.0125,AD1C,AD1,Cultivar,Cultivar
261,499,PLS5025,-0.0174,-0.0192,0.0092,AD1C,AD1,Cultivar,Cultivar
262,500,PLS5026,-0.0171,-0.0201,0.0108,AD1C,AD1,Cultivar,Cultivar
263,501,PLS5027,-0.017,-0.0194,-0.0108,AD1C,AD1,Cultivar,Cultivar
264,502,PLS5028,-0.0186,-0.0219,0.0109,AD1C,AD1,Cultivar,Cultivar
265,503,PLS5029,-0.0181,-0.0223,0.0128,AD1C,AD1,Cultivar,Cultivar
266,504,PLS5030,-0.0179,-0.0225,0.0132,AD1C,AD1,Cultivar,Cultivar
267,505,PLS5031,-0.0189,-0.0229,0.0125,AD1C,AD1,Cultivar,Cultivar
268,506,PLS5032,-0.0181,-0.0199,0.0075,AD1C,AD1,Cultivar,Cultivar
269,507,PLS5033,-0.0165,-0.0146,0.0016,AD1C,AD1,Cultivar,Cultivar
270,508,PLS5034,-0.017,-0.0163,-0.0138,AD1C,AD1,Cultivar,Cultivar
271,509,PLS5035,-0.0188,-0.0226,0.0134,AD1C,AD1,Cultivar,Cultivar
272,510,PLS5036,-0.0184,-0.0197,0.0082,AD1C,AD1,Cultivar,Cultivar
273,511,PLS5037,-0.0175,-0.0167,0.0082,AD1C,AD1,Cultivar,Cultivar
274,512,PLS5038,-0.018,-0.0208,0.0118,AD1C,AD1,Cultivar,Cultivar
275,513,PLS5039,-0.0177,-0.018,-0.0163,AD1C,AD1,Cultivar,Cultivar
276,514,PLS5040,-0.0166,-0.0145,0.0038,AD1C,AD1,Cultivar,Cultivar
277,515,PLS5041,-0.0174,-0.021,-0.0139,AD1C,AD1,Cultivar,Cultivar
278,516,PLS5042,-0.0178,-0.0214,0.0106,AD1C,AD1,Cultivar,Cultivar
279,517,PLS5043,-0.0167,-0.02,0.0103,AD1C,AD1,Cultivar,Cultivar
280,518,PLS5044,-0.0167,-0.02,0.0103,AD1C,AD1,Cultivar,Cultivar
281,519,PLS5045,-0.0174,-0.02,0.01,AD1C,AD1,Cultivar,Cultivar
282,520,PLS5046,-0.0174,-0.0203,-0.0129,AD1C,AD1,Cultivar,Cultivar
283,521,PLS5048,-0.0178,-0.0208,0.0121,AD1C,AD1,Cultivar,Cultivar
284,522,PLS5049,-0.0171,-0.0195,-0.013,AD1C,AD1,Cultivar,Cultivar
285,523,PLS5050,-0.0175,-0.0211,0.0123,AD1C,AD1,Cultivar,Cultivar
286,524,PLS5051,-0.0175,-0.0212,0.0114,AD1C,AD1,Cultivar,Cultivar
287,525,PLS5052,-0.0181,-0.0224,-0.0138,AD1C,AD1,Cultivar,Cultivar
288,526,PLS5053,-0.0174,-0.0214,-0.0101,AD1C,AD1,Cultivar,Cultivar
289,527,PLS5054,-0.0186,-0.0218,-0.011,AD1C,AD1,Cultivar,Cultivar
290,528,PLS5055,-0.017,-0.0209,-0.0135,AD1C,AD1,Cultivar,Cultivar
291,529,PLS5057,-0.0171,-0.0223,0.0129,AD1C,AD1,Cultivar,Cultivar
292,530,PLS5058,-0.018,-0.0191,-0.0121,AD1C,AD1,Cultivar,Cultivar
293,531,PLS5059,-0.0184,-0.0238,0.0144,AD1C,AD1,Cultivar,Cultivar
294,532,PLS5060,-0.0182,-0.0232,0.014,AD1C,AD1,Cultivar,Cultivar
295,533,PLS5061,-0.0179,-0.021,-0.0116,AD1C,AD1,Cultivar,Cultivar
296,534,PLS5062,-0.0188,-0.0225,0.0119,AD1C,AD1,Cultivar,Cultivar
297,535,PLS5063,-0.0183,-0.0227,0.012,AD1C,AD1,Cultivar,Cultivar
298,536,PLS5064,-0.0178,-0.0225,0.0105,AD1C,AD1,Cultivar,Cultivar
299,537,PLS5065,-0.0188,-0.0226,0.0123,AD1C,AD1,Cultivar,Cultivar
300,538,PLS5066,-0.0181,-0.023,0.0125,AD1C,AD1,Cultivar,Cultivar
301,539,PLS5067,-0.0184,-0.0223,0.0111,AD1C,AD1,Cultivar,Cultivar
302,540,PLS5068,-0.0183,-0.0215,0.009,AD1C,AD1,Cultivar,Cultivar
303,541,PLS5069,-0.0192,-0.0235,0.0112,AD1C,AD1,Cultivar,Cultivar
304,542,PLS5070,-0.0172,-0.0173,-0.02,AD1C,AD1,Cultivar,Cultivar
305,543,PLS5071,-0.0172,-0.0173,-0.02,AD1C,AD1,Cultivar,Cultivar
306,544,PLS5072,-0.0173,-0.0175,0.0035,AD1C,AD1,Cultivar,Cultivar
307,545,PLS5073,-0.0183,-0.0222,0.011,AD1C,AD1,Cultivar,Cultivar
308,546,PLS5074,-0.0177,-0.0183,0.0072,AD1C,AD1,Cultivar,Cultivar
309,547,PLS5075,-0.0177,-0.0213,0.0114,AD1C,AD1,Cultivar,Cultivar
310,548,PLS5076,-0.018,-0.0222,0.0132,AD1C,AD1,Cultivar,Cultivar
311,549,PLS5077,-0.0179,-0.0224,0.0141,AD1C,AD1,Cultivar,Cultivar
312,550,PLS5078,-0.0172,-0.0215,-0.0094,AD1C,AD1,Cultivar,Cultivar
313,551,PLS5079,-0.0185,-0.0232,0.0123,AD1C,AD1,Cultivar,Cultivar
314,552,PLS5080,-0.0173,-0.0209,0.0116,AD1C,AD1,Cultivar,Cultivar
315,553,PLS5081,-0.0184,-0.0229,0.0148,AD1C,AD1,Cultivar,Cultivar
316,554,PLS5082,-0.0187,-0.0229,0.0134,AD1C,AD1,Cultivar,Cultivar
317,555,PLS5083,-0.0189,-0.0214,0.0143,AD1C,AD1,Cultivar,Cultivar
318,556,PLS5084,-0.0183,-0.0226,-0.0102,AD1C,AD1,Cultivar,Cultivar
319,557,PLS5085,-0.0187,-0.0211,0.0112,AD1C,AD1,Cultivar,Cultivar
320,558,PLS5086,-0.0181,-0.0219,-0.0135,AD1C,AD1,Cultivar,Cultivar
321,559,PLS5087,-0.0182,-0.0226,0.0133,AD1C,AD1,Cultivar,Cultivar
322,560,PLS5088,-0.0181,-0.0223,0.0129,AD1C,AD1,Cultivar,Cultivar
323,561,PLS5089,-0.0181,-0.0229,0.0144,AD1C,AD1,Cultivar,Cultivar
324,562,PLS5090,-0.0178,-0.0196,-0.0152,AD1C,AD1,Cultivar,Cultivar
325,563,PLS5091,-0.0174,-0.0191,0.0106,AD1C,AD1,Cultivar,Cultivar
326,564,PLS5092,-0.0188,-0.0211,0.0071,AD1C,AD1,Cultivar,Cultivar
327,565,PLS5093,-0.0186,-0.0191,0.0085,AD1C,AD1,Cultivar,Cultivar
328,566,PLS5094,-0.0188,-0.0216,0.0121,AD1C,AD1,Cultivar,Cultivar
329,567,PLS5095,-0.0178,-0.0229,0.0137,AD1C,AD1,Cultivar,Cultivar
330,568,PLS5096,-0.0177,-0.0225,0.0141,AD1C,AD1,Cultivar,Cultivar
331,569,PLS5097,-0.0182,-0.0209,0.0111,AD1C,AD1,Cultivar,Cultivar
332,570,PLS5098,-0.0176,-0.0194,0.0111,AD1C,AD1,Cultivar,Cultivar
333,571,PLS5099,-0.0182,-0.0197,0.0063,AD1C,AD1,Cultivar,Cultivar
334,572,PLS5100,-0.0178,-0.0196,0.0063,AD1C,AD1,Cultivar,Cultivar
335,573,PLS5047,-0.0173,-0.0152,0.0077,AD1C,AD1,Cultivar,Cultivar
336,574,PLS5101,-0.0173,-0.0209,-0.0115,AD1C,AD1,Cultivar,Cultivar
337,575,PLS5102,-0.0184,-0.0196,0.0098,AD1C,AD1,Cultivar,Cultivar
338,576,PLS5103,-0.0186,-0.0234,0.0134,AD1C,AD1,Cultivar,Cultivar
339,577,PLS5104,-0.018,-0.0196,0.0098,AD1C,AD1,Cultivar,Cultivar
340,578,PLS5105,-0.0173,-0.0208,0.0107,AD1C,AD1,Cultivar,Cultivar
341,579,PLS5106,-0.0185,-0.0236,0.0141,AD1C,AD1,Cultivar,Cultivar
342,580,PLS5107,-0.0173,-0.0208,0.012,AD1C,AD1,Cultivar,Cultivar
343,581,PLS5108,-0.0179,-0.0221,0.0103,AD1C,AD1,Cultivar,Cultivar
344,582,PLS5109,-0.0185,-0.0231,-0.0146,AD1C,AD1,Cultivar,Cultivar
345,583,PLS5110,-0.0173,-0.0178,-0.0179,AD1C,AD1,Cultivar,Cultivar
346,584,PLS5111,-0.0185,-0.0221,0.0117,AD1C,AD1,Cultivar,Cultivar
347,585,PLS5112,-0.0173,-0.0169,0.0032,AD1C,AD1,Cultivar,Cultivar
348,586,PLS5113,-0.0182,-0.0226,0.013,AD1C,AD1,Cultivar,Cultivar
349,587,PLS5114,-0.017,-0.0189,0.0059,AD1C,AD1,Cultivar,Cultivar
350,588,PLS5115,-0.0191,-0.0225,0.0122,AD1C,AD1,Cultivar,Cultivar
351,589,PLS5116,-0.0175,-0.0148,-0.0209,AD1C,AD1,Cultivar,Cultivar
352,590,PLS5117,-0.0182,-0.0234,0.0121,AD1C,AD1,Cultivar,Cultivar
353,591,PLS5118,-0.0181,-0.021,0.0141,AD1C,AD1,Cultivar,Cultivar
354,592,PLS5119,-0.0159,-0.0191,0.0033,AD1C,AD1,Cultivar,Cultivar
355,593,PLS5120,-0.0179,-0.0209,0.0124,AD1C,AD1,Cultivar,Cultivar
356,594,PLS5121,-0.018,-0.016,0.0051,AD1C,AD1,Cultivar,Cultivar
357,595,PLS5122,-0.0189,-0.0233,0.0124,AD1C,AD1,Cultivar,Cultivar
358,596,PLS5123,-0.0186,-0.0204,0.0072,AD1C,AD1,Cultivar,Cultivar
359,597,PLS5124,-0.0171,-0.0178,-0.0191,AD1C,AD1,Cultivar,Cultivar
360,598,PLS5125,-0.0188,-0.0215,0.0144,AD1C,AD1,Cultivar,Cultivar
361,599,PLS5126,-0.018,-0.0177,-0.0164,AD1C,AD1,Cultivar,Cultivar
362,600,PLS5127,-0.0171,-0.0204,0.0103,AD1C,AD1,Cultivar,Cultivar
363,601,PLS5128,-0.0181,-0.0225,0.0135,AD1C,AD1,Cultivar,Cultivar
364,602,PLS5129,-0.0168,-0.0203,0.0116,AD1C,AD1,Cultivar,Cultivar
365,603,PLS5130,-0.0179,-0.0156,-0.0156,AD1C,AD1,Cultivar,Cultivar
366,604,PLS5131,-0.0167,-0.0195,0.0074,AD1C,AD1,Cultivar,Cultivar
367,605,PLS5132,-0.0178,-0.0166,0.0069,AD1C,AD1,Cultivar,Cultivar
368,606,PLS5133,-0.0168,-0.0157,-0.0171,AD1C,AD1,Cultivar,Cultivar
369,607,PLS5134,-0.017,-0.0216,0.0102,AD1C,AD1,Cultivar,Cultivar
370,608,PLS5135,-0.0187,-0.0208,0.0117,AD1C,AD1,Cultivar,Cultivar
371,609,PLS5136,-0.018,-0.021,0.0116,AD1C,AD1,Cultivar,Cultivar
372,610,PLS5137,-0.0182,-0.0196,-0.0144,AD1C,AD1,Cultivar,Cultivar
373,611,PLS5138,-0.0181,-0.0223,0.0119,AD1C,AD1,Cultivar,Cultivar
374,612,PLS5139,-0.0177,-0.0222,-0.0104,AD1C,AD1,Cultivar,Cultivar
375,613,PLS5140,-0.0184,-0.0217,-0.0057,AD1C,AD1,Cultivar,Cultivar
376,614,PLS5141,-0.0183,-0.0205,-0.0057,AD1C,AD1,Cultivar,Cultivar
377,615,PLS5142,-0.0179,-0.0199,-0.0051,AD1C,AD1,Cultivar,Cultivar
378,616,PLS5143,-0.0186,-0.0213,0.0113,AD1C,AD1,Cultivar,Cultivar
379,617,PLS5144,-0.018,-0.022,0.013,AD1C,AD1,Cultivar,Cultivar
380,618,PLS5145,-0.0184,-0.0216,0.0109,AD1C,AD1,Cultivar,Cultivar
381,619,PLS5146,-0.0182,-0.0223,0.0115,AD1C,AD1,Cultivar,Cultivar
382,620,PLS5147,-0.0189,-0.0229,0.0124,AD1C,AD1,Cultivar,Cultivar
383,621,PLS5148,-0.0184,-0.0222,0.0019,AD1C,AD1,Cultivar,Cultivar
384,622,PLS5149,-0.0168,-0.0194,-0.0155,AD1C,AD1,Cultivar,Cultivar
385,623,PLS5150,-0.0186,-0.0222,0.0014,AD1C,AD1,Cultivar,Cultivar
386,624,PLS5151,-0.0182,-0.0194,-0.0017,AD1C,AD1,Cultivar,Cultivar
387,625,PLS5152,-0.018,-0.0207,0.0107,AD1C,AD1,Cultivar,Cultivar
388,626,PLS5153,-0.0189,-0.0226,0.0131,AD1C,AD1,Cultivar,Cultivar
389,627,PLS5154,-0.0186,-0.0221,0.0113,AD1C,AD1,Cultivar,Cultivar
390,628,PLS5155,-0.0188,-0.0232,0.0119,AD1C,AD1,Cultivar,Cultivar
391,629,PLS5156,-0.0172,-0.0179,0.0094,AD1C,AD1,Cultivar,Cultivar
392,630,PLS5157,-0.0184,-0.021,0.011,AD1C,AD1,Cultivar,Cultivar
393,631,PLS5158,-0.017,-0.0215,0.014,AD1C,AD1,Cultivar,Cultivar
394,632,PLS5159,-0.0168,-0.0161,-0.0007,AD1C,AD1,Cultivar,Cultivar
395,633,PLS5160,-0.0176,-0.0217,0.0101,AD1C,AD1,Cultivar,Cultivar
396,634,PLS5161,-0.017,-0.0196,-0.0148,AD1C,AD1,Cultivar,Cultivar
397,635,PLS5163,-0.0173,-0.0214,0.0104,AD1C,AD1,Cultivar,Cultivar
398,636,PLS5165,-0.0169,-0.018,0.0065,AD1C,AD1,Cultivar,Cultivar
399,637,PLS5167,-0.0165,-0.0157,0.0065,AD1C,AD1,Cultivar,Cultivar
400,638,PLS5168,-0.0171,-0.0182,0.0052,AD1C,AD1,Cultivar,Cultivar
401,639,PLS5169,-0.0174,-0.0205,0.0078,AD1C,AD1,Cultivar,Cultivar
402,640,PLS5170,-0.0169,-0.0187,0.0061,AD1C,AD1,Cultivar,Cultivar
403,641,PLS5171,-0.0173,-0.0172,0.0034,AD1C,AD1,Cultivar,Cultivar
404,642,PLS5172,-0.0187,-0.0232,0.0131,AD1C,AD1,Cultivar,Cultivar
405,643,PLS5173,-0.018,-0.0211,0.0081,AD1C,AD1,Cultivar,Cultivar
406,644,PLS5174,-0.0182,-0.0213,0.0119,AD1C,AD1,Cultivar,Cultivar
407,645,PLS5175,-0.0185,-0.0218,0.014,AD1C,AD1,Cultivar,Cultivar
408,646,PLS5176,-0.0178,-0.0176,0.0074,AD1C,AD1,Cultivar,Cultivar
409,647,PLS5177,-0.0178,-0.0224,0.0123,AD1C,AD1,Cultivar,Cultivar
410,648,PLS5178,-0.0181,-0.0208,0.0134,AD1C,AD1,Cultivar,Cultivar
411,649,PLS5179,-0.0167,-0.016,0.0018,AD1C,AD1,Cultivar,Cultivar
412,650,PLS5180,-0.0171,-0.0177,0.006,AD1C,AD1,Cultivar,Cultivar
413,651,PLS5181,-0.018,-0.0221,0.0124,AD1C,AD1,Cultivar,Cultivar
414,652,PLS5182,-0.0173,-0.018,0.0038,AD1C,AD1,Cultivar,Cultivar
415,653,PLS5183,-0.0181,-0.0191,0.0096,AD1C,AD1,Cultivar,Cultivar
416,654,PLS5184,-0.0168,-0.019,0.0053,AD1C,AD1,Cultivar,Cultivar
417,655,PLS5185,-0.018,-0.0189,-0.0153,AD1C,AD1,Cultivar,Cultivar
418,656,PLS5186,-0.0179,-0.0184,0.0095,AD1C,AD1,Cultivar,Cultivar
419,657,PLS5187,-0.0182,-0.023,0.0146,AD1C,AD1,Cultivar,Cultivar
420,658,PLS5188,-0.0171,-0.0216,0.0114,AD1C,AD1,Cultivar,Cultivar
421,659,PLS5189,-0.0176,-0.0207,0.0113,AD1C,AD1,Cultivar,Cultivar
422,660,PLS5190,-0.0187,-0.0236,0.0137,AD1C,AD1,Cultivar,Cultivar
423,661,PLS5191,-0.0183,-0.0229,0.014,AD1C,AD1,Cultivar,Cultivar
424,662,PLS5192,-0.0183,-0.0226,0.0118,AD1C,AD1,Cultivar,Cultivar
425,663,PLS5193,-0.0189,-0.0236,0.0147,AD1C,AD1,Cultivar,Cultivar
426,664,PLS5194,-0.0181,-0.0226,0.0135,AD1C,AD1,Cultivar,Cultivar
427,665,PLS5195,-0.0181,-0.0225,0.0134,AD1C,AD1,Cultivar,Cultivar
428,666,PLS5196,-0.0169,-0.0157,0.0023,AD1C,AD1,Cultivar,Cultivar
429,667,PLS5197,-0.0179,-0.0208,-0.0156,AD1C,AD1,Cultivar,Cultivar
430,668,PLS5198,-0.018,-0.0211,-0.0135,AD1C,AD1,Cultivar,Cultivar
431,669,PLS5199,-0.0178,-0.0217,-0.0081,AD1C,AD1,Cultivar,Cultivar
432,670,PLS5200,-0.0184,-0.0219,0.0127,AD1C,AD1,Cultivar,Cultivar
433,671,PLS5201,-0.0179,-0.0226,0.0144,AD1C,AD1,Cultivar,Cultivar
434,672,PLS5202,-0.0164,-0.0163,-0.0174,AD1C,AD1,Cultivar,Cultivar
435,673,PLS5203,-0.017,-0.0183,-0.0143,AD1C,AD1,Cultivar,Cultivar
436,674,PLS5204,-0.0174,-0.0198,0.0069,AD1C,AD1,Cultivar,Cultivar
437,675,PLS5205,-0.0183,-0.0228,0.0116,AD1C,AD1,Cultivar,Cultivar
438,676,PLS5206,-0.0179,-0.0216,0.0123,AD1C,AD1,Cultivar,Cultivar
439,677,PLS5207,-0.0171,-0.02,0.0114,AD1C,AD1,Cultivar,Cultivar
440,678,PLS5208,-0.0175,-0.0173,0.0072,AD1C,AD1,Cultivar,Cultivar
441,679,PLS5209,-0.0172,-0.022,0.0109,AD1C,AD1,Cultivar,Cultivar
442,680,PLS5210,-0.0176,-0.0211,0.0117,AD1C,AD1,Cultivar,Cultivar
443,681,PLS5211,-0.018,-0.0214,0.0109,AD1C,AD1,Cultivar,Cultivar
444,682,PLS5212,-0.0176,-0.0156,0.0069,AD1C,AD1,Cultivar,Cultivar
445,683,PLS5213,-0.0167,-0.0203,-0.0108,AD1C,AD1,Cultivar,Cultivar
446,684,PLS5214,-0.0183,-0.0232,0.0131,AD1C,AD1,Cultivar,Cultivar
447,685,PLS5215,-0.0177,-0.0218,-0.0105,AD1C,AD1,Cultivar,Cultivar
448,686,PLS5216,-0.0175,-0.0212,0.0105,AD1C,AD1,Cultivar,Cultivar
449,687,PLS5218,-0.0168,-0.0209,0.0105,AD1C,AD1,Cultivar,Cultivar
450,688,PLS5219,-0.0187,-0.0228,0.0118,AD1C,AD1,Cultivar,Cultivar
451,689,PLS5220,-0.0176,-0.022,0.0107,AD1C,AD1,Cultivar,Cultivar
452,690,PLS5221,-0.0179,-0.0221,0.0122,AD1C,AD1,Cultivar,Cultivar
453,691,PLS5222,-0.0175,-0.0221,0.0108,AD1C,AD1,Cultivar,Cultivar
454,692,PLS5223,-0.0173,-0.0171,0.0059,AD1C,AD1,Cultivar,Cultivar
455,693,PLS5224,-0.0176,-0.0177,0.0041,AD1C,AD1,Cultivar,Cultivar
456,694,PLS5225,-0.0173,-0.0159,0.0037,AD1C,AD1,Cultivar,Cultivar
457,695,PLS5226,-0.0175,-0.0197,0.0071,AD1C,AD1,Cultivar,Cultivar
458,696,PLS5227,-0.0185,-0.0219,0.0095,AD1C,AD1,Cultivar,Cultivar
459,697,PLS5228,-0.0179,-0.0192,0.0071,AD1C,AD1,Cultivar,Cultivar
460,698,PLS5229,-0.0179,-0.017,0.0053,AD1C,AD1,Cultivar,Cultivar
461,699,PLS5231,-0.0171,-0.0184,0.0043,AD1C,AD1,Cultivar,Cultivar
462,700,PLS5232,-0.0145,-0.0217,0.0122,AD1C,AD1,Cultivar,Cultivar
463,701,PLS5234,-0.0179,-0.0227,0.0116,AD1C,AD1,Cultivar,Cultivar
464,702,PLS5235,-0.0176,-0.0209,0.0104,AD1C,AD1,Cultivar,Cultivar
465,703,PLS5236,-0.0182,-0.0222,0.0126,AD1C,AD1,Cultivar,Cultivar
466,704,PLS5237,-0.0183,-0.023,0.0129,AD1C,AD1,Cultivar,Cultivar
467,705,PLS5238,-0.0184,-0.0238,0.0125,AD1C,AD1,Cultivar,Cultivar
468,706,PLS5239,-0.0177,-0.0216,0.0096,AD1C,AD1,Cultivar,Cultivar
469,707,PLS5240,-0.0181,-0.0215,0.0068,AD1C,AD1,Cultivar,Cultivar
470,708,PLS5241,-0.0174,-0.0222,0.0126,AD1C,AD1,Cultivar,Cultivar
471,709,PLS5242,-0.0182,-0.0207,0.0063,AD1C,AD1,Cultivar,Cultivar
472,710,PLS5243,-0.0185,-0.023,0.0145,AD1C,AD1,Cultivar,Cultivar
473,711,PLS5244,-0.0181,-0.023,0.0121,AD1C,AD1,Cultivar,Cultivar
474,712,PLS5245,-0.018,-0.0214,0.0118,AD1C,AD1,Cultivar,Cultivar
475,713,PLS5246,-0.0177,-0.0216,-0.0122,AD1C,AD1,Cultivar,Cultivar
476,714,PLS5247,-0.0173,-0.0208,-0.0114,AD1C,AD1,Cultivar,Cultivar
477,715,PLS5248,-0.0176,-0.0187,-0.0158,AD1C,AD1,Cultivar,Cultivar
478,716,PLS5249,-0.0174,-0.0185,0.0064,AD1C,AD1,Cultivar,Cultivar
479,717,PLS5250,-0.0183,-0.0223,0.012,AD1C,AD1,Cultivar,Cultivar
480,718,PLS5251,-0.017,-0.0151,0.0012,AD1C,AD1,Cultivar,Cultivar
481,719,PLS5252,-0.0185,-0.0219,0.0112,AD1C,AD1,Cultivar,Cultivar
482,720,PLS5253,-0.0183,-0.0209,0.0071,AD1C,AD1,Cultivar,Cultivar
483,721,PLS5254,-0.0177,-0.0173,0.0092,AD1C,AD1,Cultivar,Cultivar
484,722,PLS5255,-0.0175,-0.0171,0.0069,AD1C,AD1,Cultivar,Cultivar
485,723,PLS5256,-0.0178,-0.0216,0.0098,AD1C,AD1,Cultivar,Cultivar
486,724,PLS5257,-0.0173,-0.0186,0.0028,AD1C,AD1,Cultivar,Cultivar
487,725,PLS5258,-0.0176,-0.0175,0.0041,AD1C,AD1,Cultivar,Cultivar
488,726,PLS5259,-0.0186,-0.0233,0.0147,AD1C,AD1,Cultivar,Cultivar
489,727,PLS5260,-0.0182,-0.0218,0.0111,AD1C,AD1,Cultivar,Cultivar
490,728,PLS5261,-0.0175,-0.0189,0.0091,AD1C,AD1,Cultivar,Cultivar
491,729,PLS5262,-0.0182,-0.0204,0.0124,AD1C,AD1,Cultivar,Cultivar
492,730,PLS5263,-0.018,-0.0186,0.0057,AD1C,AD1,Cultivar,Cultivar
493,731,PLS5264,-0.0186,-0.0176,0.0104,AD1C,AD1,Cultivar,Cultivar
494,732,PLS5265,-0.0187,-0.0226,0.0128,AD1C,AD1,Cultivar,Cultivar
495,733,PLS5266,-0.0174,-0.019,0.0064,AD1C,AD1,Cultivar,Cultivar
496,734,PLS5267,-0.0178,-0.0213,-0.0123,AD1C,AD1,Cultivar,Cultivar
497,735,PLS5268,-0.0175,-0.0218,0.0136,AD1C,AD1,Cultivar,Cultivar
498,736,PLS5269,-0.0195,-0.0244,0.0144,AD1C,AD1,Cultivar,Cultivar
499,737,PLS5270,-0.0182,-0.0157,-0.0267,AD1C,AD1,Cultivar,Cultivar
500,738,PLS5271,-0.0161,-0.0143,-0.023,AD1C,AD1,Cultivar,Cultivar
501,739,PLS5272,-0.0184,-0.0222,-0.0136,AD1C,AD1,Cultivar,Cultivar
502,740,PLS5273,-0.0175,-0.0195,-0.0121,AD1C,AD1,Cultivar,Cultivar
503,741,PLS5274,-0.0176,-0.0216,0.013,AD1C,AD1,Cultivar,Cultivar
504,742,PLS5275,-0.0168,-0.0147,-0.0246,AD1C,AD1,Cultivar,Cultivar
505,743,PLS5276,-0.0173,-0.0191,-0.0124,AD1C,AD1,Cultivar,Cultivar
506,744,PLS5277,-0.0184,-0.0222,0.0106,AD1C,AD1,Cultivar,Cultivar
507,745,PLS5278,-0.0175,-0.0206,0.008,AD1C,AD1,Cultivar,Cultivar
508,746,PLS5279,-0.0174,-0.0202,0.0091,AD1C,AD1,Cultivar,Cultivar
509,747,PLS5280,-0.0178,-0.0199,0.0104,AD1C,AD1,Cultivar,Cultivar
510,748,PLS5281,-0.0182,-0.0218,0.0126,AD1C,AD1,Cultivar,Cultivar
511,749,PLS3001,-0.0195,-0.0238,0.0115,AD1C,AD1,Cultivar,Cultivar
512,750,PLS3002,-0.0194,-0.0232,0.0117,AD1C,AD1,Cultivar,Cultivar
513,751,PLS3003,-0.0195,-0.0241,0.0146,AD1C,AD1,Cultivar,Cultivar
514,752,PLS3004,-0.0193,-0.0239,0.0114,AD1C,AD1,Cultivar,Cultivar
515,753,PLS3005,-0.0194,-0.0235,0.0125,AD1C,AD1,Cultivar,Cultivar
516,754,PLS3006,-0.0194,-0.0228,0.0125,AD1C,AD1,Cultivar,Cultivar
517,755,PLS3007,-0.0194,-0.0242,0.0153,AD1C,AD1,Cultivar,Cultivar
518,756,PLS3008,-0.0195,-0.0236,0.0114,AD1C,AD1,Cultivar,Cultivar
519,757,PLS3009,-0.0192,-0.0203,0.0115,AD1C,AD1,Cultivar,Cultivar
520,758,PLS3010,-0.0194,-0.024,0.0149,AD1C,AD1,Cultivar,Cultivar
521,759,PLS3011,-0.0192,-0.0201,0.0114,AD1C,AD1,Cultivar,Cultivar
522,760,PLS3012,-0.0194,-0.0221,0.013,AD1C,AD1,Cultivar,Cultivar
523,761,PLS3013,-0.0194,-0.0233,0.0119,AD1C,AD1,Cultivar,Cultivar
524,762,PLS3014,-0.0195,-0.0235,0.0137,AD1C,AD1,Cultivar,Cultivar
525,763,PLS3015,-0.0195,-0.0231,0.0141,AD1C,AD1,Cultivar,Cultivar
526,764,PLS3016,-0.0196,-0.0244,0.0142,AD1C,AD1,Cultivar,Cultivar
527,765,PLS3017,-0.0194,-0.0238,0.0109,AD1C,AD1,Cultivar,Cultivar
528,766,PLS3018,-0.0195,-0.0233,0.0134,AD1C,AD1,Cultivar,Cultivar
529,767,PLS3019,-0.0195,-0.0247,0.0125,AD1C,AD1,Cultivar,Cultivar
530,768,PLS3020,-0.0194,-0.0218,0.0134,AD1C,AD1,Cultivar,Cultivar
531,769,PLS7178,-0.0191,-0.0216,-0.0135,AD1C,AD1,Cultivar,Cultivar
532,770,PLS7179,-0.0194,-0.0225,0.0118,AD1C,AD1,Cultivar,Cultivar
533,771,PLS7181,-0.0195,-0.0235,0.0134,AD1C,AD1,Cultivar,Cultivar
534,772,PLS7182,-0.0189,-0.017,0.0043,AD1C,AD1,Cultivar,Cultivar
535,773,PLS7183,-0.0195,-0.0239,0.0127,AD1C,AD1,Cultivar,Cultivar
536,774,PLS7184,-0.0193,-0.023,-0.0115,AD1C,AD1,Cultivar,Cultivar
537,775,PLS7185,-0.0195,-0.0238,0.0112,AD1C,AD1,Cultivar,Cultivar
538,776,PLS7186,-0.0195,-0.0235,1.23E-02,AD1C,AD1,Cultivar,Cultivar
539,777,PLS7187,-0.0196,-0.0244,0.0143,AD1C,AD1,Cultivar,Cultivar
540,778,PLS7188,-0.0156,-0.0195,0.01,AD1C,AD1,Cultivar,Cultivar
541,779,PLS7189,-0.0196,-0.0243,0.0146,AD1C,AD1,Cultivar,Cultivar
542,780,PLS6035,-0.0176,-0.0224,0.0126,AD1C,AD1,Cultivar,Cultivar
543,784,PLS1010,-0.0196,-0.0249,0.0124,AD1C,AD1,Cultivar,Cultivar
544,785,PLS2006,-0.0194,-0.0253,0.0125,AD1C,AD1,Cultivar,Cultivar
545,787,PLS1008,-0.0196,-0.0242,0.0142,AD1C,AD1,Cultivar,Cultivar
546,788,PLS1012,-0.0193,-0.0236,-0.0127,AD1C,AD1,Cultivar,Cultivar
547,985,PLS1003,-0.0088,0.0263,-0.0831,AD1C,AD1,Cultivar,Cultivar
548,1006,PLS2007,-0.0186,-0.0224,0.0118,AD1C,AD1,Cultivar,Cultivar
549,1007,PLS1011,-0.0181,-0.0222,0.0107,AD1C,AD1,Cultivar,Cultivar
550,1,BYU1210,-0.0154,0.0149,-0.0385,AD1W,AD1,Wild,Wild
551,2,BYU1211,-0.0181,-0.0093,-0.0063,AD1W,AD1,Wild,Wild
552,24,BYU1212,0.001,0.0485,-0.1136,AD1W,AD1,Wild,Wild
553,25,BYU1213,0.0009,0.0484,-0.1132,AD1W,AD1,Wild,Wild
554,26,BYU1214,0.001,0.0488,-0.1137,AD1W,AD1,Wild,Wild
555,27,BYU1215,0.0009,0.0485,-0.1131,AD1W,AD1,Wild,Wild
556,28,BYU1216,-0.0069,0.0617,-0.0469,AD1W,AD1,Wild,Wild
557,29,BYU1217,-0.0001,0.0511,-0.0965,AD1W,AD1,Wild,Wild
558,30,BYU1218,0.0006,0.0475,-0.1118,AD1W,AD1,Wild,Wild
559,31,BYU1219,-0.0064,0.044,-0.0631,AD1W,AD1,Wild,Wild
560,32,BYU1220,-0.0193,-0.0206,0.0118,AD1W,AD1,Wild,Wild
561,33,BYU1221,-0.0062,0.0689,0.0061,AD1W,AD1,Wild,Wild
562,34,BYU1222,-0.0067,0.0675,0.0058,AD1W,AD1,Wild,Wild
563,35,BYU1223,-0.0055,0.0672,-0.0026,AD1W,AD1,Wild,Wild
564,36,BYU1224,-0.0095,0.0421,-0.0238,AD1W,AD1,Wild,Wild
565,37,BYU1225,0.0008,0.0508,-0.0898,AD1W,AD1,Wild,Wild
566,38,BYU1226,-0.0016,0.0498,-0.0878,AD1W,AD1,Wild,Wild
567,284,BYU1227,-0.0103,0.0674,0.0044,AD1W,AD1,Wild,Wild
568,285,BYU1228,0.0005,0.048,-0.1117,AD1W,AD1,Wild,Wild
569,326,BYU1229,-0.0113,0.0523,-0.0537,AD1W,AD1,Wild,Wild
570,445,PLS4009,-0.0194,-0.0219,0.0115,AD1W,AD1,Wild,Wild
571,446,PLS4011,-0.0136,0.0093,-0.0258,AD1W,AD1,Wild,Wild
572,447,PLS4012,-0.0162,0.0029,-0.0202,AD1W,AD1,Wild,Wild
573,449,PLS4014,-0.0162,0.0047,-0.0326,AD1W,AD1,Wild,Wild
574,450,PLS4015,-0.0147,0.0124,-0.0216,AD1W,AD1,Wild,Wild
575,451,PLS4016,-0.0042,0.0405,-0.1097,AD1W,AD1,Wild,Wild
576,452,PLS4017,-0.013,0.0162,-0.0314,AD1W,AD1,Wild,Wild
577,453,PLS4018,-0.016,0.0131,-0.0033,AD1W,AD1,Wild,Wild
578,454,PLS4019,-0.0179,-0.0119,-0.0295,AD1W,AD1,Wild,Wild
579,455,PLS4020,-0.0174,-0.0049,-0.0283,AD1W,AD1,Wild,Wild
580,456,PLS4021,-0.0185,-0.0113,0.0096,AD1W,AD1,Wild,Wild
581,458,PLS4023,0.0646,-0.0086,0.004,AD1W,AD1,Wild,Wild
582,786,BYU1230,-0.0192,-0.0206,0.0117,AD1W,AD1,Wild,Wild
583,789,BYU1235,-0.016,0.0071,-0.0376,AD1W,AD1,Wild,Wild
584,790,BYU1236,-0.0121,0.0522,-0.0552,AD1W,AD1,Wild,Wild
585,791,BYU1237,-0.0172,-0.0037,0.006,AD1W,AD1,Wild,Wild
586,792,BYU1243,-0.0189,-0.0181,0.0048,AD1W,AD1,Wild,Wild
587,793,BYU1244,-0.0156,0.0157,-0.0015,AD1W,AD1,Wild,Wild
588,794,BYU1246,-0.0157,0.005,-0.048,AD1W,AD1,Wild,Wild
589,795,BYU1252,-0.0137,0.0352,-0.024,AD1W,AD1,Wild,Wild
590,796,BYU1254,-0.0129,0.0173,-0.0317,AD1W,AD1,Wild,Wild
591,797,BYU1255,-0.0128,0.0181,-0.0315,AD1W,AD1,Wild,Wild
592,798,BYU1258,-0.0122,0.0516,-0.0543,AD1W,AD1,Wild,Wild
593,799,BYU1259,-0.0127,0.0485,-0.0573,AD1W,AD1,Wild,Wild
594,800,BYU1262,-0.0119,0.0536,-0.0542,AD1W,AD1,Wild,Wild
595,801,BYU1263,-0.012,0.0477,-0.0594,AD1W,AD1,Wild,Wild
596,802,BYU1266,-0.012,0.0481,-0.062,AD1W,AD1,Wild,Wild
597,803,BYU1267,-0.0153,0.0234,-0.0144,AD1W,AD1,Wild,Wild
598,804,BYU1268,-0.0158,0.0041,-0.0407,AD1W,AD1,Wild,Wild
599,805,BYU1281,-0.0141,0.0241,-0.0063,AD1W,AD1,Wild,Wild
600,806,BYU1283,-0.0099,0.0826,0.0639,AD1W,AD1,Wild,Wild
601,807,BYU1288,-0.016,0.0013,-0.0199,AD1W,AD1,Wild,Wild
602,808,BYU1291,-0.0021,0.0633,-0.0294,AD1W,AD1,Wild,Wild
603,809,BYU1292,-0.0018,0.0524,-0.08,AD1W,AD1,Wild,Wild
604,810,BYU1294,0.0008,0.0471,-0.1103,AD1W,AD1,Wild,Wild
605,811,BYU1295,-0.0123,0.049,-0.052,AD1W,AD1,Wild,Wild
606,812,BYU1296,-0.0149,0.0208,-0.0191,AD1W,AD1,Wild,Wild
607,813,BYU1297,-0.0093,0.0795,0.0628,AD1W,AD1,Wild,Wild
608,814,BYU1299,-0.0099,0.083,0.0657,AD1W,AD1,Wild,Wild
609,815,BYU1300,-0.016,0.0076,-0.0332,AD1W,AD1,Wild,Wild
610,816,BYU1301,-0.0159,0.0062,-0.0398,AD1W,AD1,Wild,Wild
611,817,BYU1302,-0.0121,0.0522,-0.0546,AD1W,AD1,Wild,Wild
612,818,BYU1303,-0.0127,0.0484,-0.0565,AD1W,AD1,Wild,Wild
613,819,BYU1305,-0.015,0.0203,-0.0186,AD1W,AD1,Wild,Wild
614,820,BYU1308,-0.0146,0.022,-0.02,AD1W,AD1,Wild,Wild
615,821,BYU1310,-0.0161,0.0081,-0.0151,AD1W,AD1,Wild,Wild
616,822,BYU1311,-0.0152,0.0088,-0.0239,AD1W,AD1,Wild,Wild
617,823,BYU1313,-0.0143,0.0265,-0.03,AD1W,AD1,Wild,Wild
618,824,BYU1314,-0.0144,0.027,-0.0377,AD1W,AD1,Wild,Wild
619,825,BYU1315,-0.0083,0.0795,0.0601,AD1W,AD1,Wild,Wild
620,826,BYU1316,-0.0091,0.0713,0.0317,AD1W,AD1,Wild,Wild
621,827,BYU1317,-0.014,0.0323,0.0223,AD1W,AD1,Wild,Wild
622,828,BYU1318,-0.0096,0.0813,0.0615,AD1W,AD1,Wild,Wild
623,829,BYU1320,-0.0161,0.0048,-0.0225,AD1W,AD1,Wild,Wild
624,830,BYU1321,0.0612,-0.0036,-0.0061,AD1W,AD1,Wild,Wild
625,831,BYU1322,-0.0092,0.0774,0.059,AD1W,AD1,Wild,Wild
626,832,BYU1323,-0.009,0.0815,0.059,AD1W,AD1,Wild,Wild
627,833,BYU1325,-0.0099,0.0811,0.0636,AD1W,AD1,Wild,Wild
628,834,BYU1326,-0.0148,0.0216,-0.0183,AD1W,AD1,Wild,Wild
629,835,BYU1327,-0.0195,-0.0213,0.0139,AD1W,AD1,Wild,Wild
630,836,BYU1328,-0.0136,0.0337,0.006,AD1W,AD1,Wild,Wild
631,837,BYU1331,-0.0106,0.0753,0.019,AD1W,AD1,Wild,Wild
632,838,BYU1332,-0.0072,0.0733,0.0519,AD1W,AD1,Wild,Wild
633,839,BYU1333,-0.0121,-0.0163,0.0001,AD1W,AD1,Wild,Wild
634,840,BYU1334,-0.0161,-0.0132,0.0006,AD1W,AD1,Wild,Wild
635,841,BYU1335,-0.012,0.0528,-0.0546,AD1W,AD1,Wild,Wild
636,842,BYU1336,-0.0136,0.0244,-0.0011,AD1W,AD1,Wild,Wild
637,843,BYU1338,-0.0124,0.03,-0.0398,AD1W,AD1,Wild,Wild
638,844,BYU1339,-0.011,0.0625,0.0396,AD1W,AD1,Wild,Wild
639,845,BYU1340,-0.0094,0.0825,0.0585,AD1W,AD1,Wild,Wild
640,846,BYU1341,-0.0099,0.0809,0.0602,AD1W,AD1,Wild,Wild
641,847,BYU1342,-0.0088,0.0818,0.0566,AD1W,AD1,Wild,Wild
642,848,BYU1343,-0.0091,0.082,0.0557,AD1W,AD1,Wild,Wild
643,849,BYU1344,-0.0101,0.0746,0.0541,AD1W,AD1,Wild,Wild
644,850,BYU1345,-0.0094,0.0758,0.0597,AD1W,AD1,Wild,Wild
645,851,BYU1347,-0.0096,0.078,0.0547,AD1W,AD1,Wild,Wild
646,852,BYU1348,-0.0099,0.083,0.0641,AD1W,AD1,Wild,Wild
647,853,BYU1349,-0.0096,0.0809,0.0631,AD1W,AD1,Wild,Wild
648,854,BYU1350,-0.009,0.0816,0.0633,AD1W,AD1,Wild,Wild
649,855,BYU1352,-0.0093,0.0782,0.0587,AD1W,AD1,Wild,Wild
650,856,BYU1353,-0.0096,0.0792,0.0603,AD1W,AD1,Wild,Wild
651,857,BYU1354,-0.0089,0.0813,0.0615,AD1W,AD1,Wild,Wild
652,858,BYU1356,-0.0098,0.071,0.0525,AD1W,AD1,Wild,Wild
653,859,BYU1357,-0.0095,0.0767,0.046,AD1W,AD1,Wild,Wild
654,860,BYU1358,-0.0093,0.0819,0.0528,AD1W,AD1,Wild,Wild
655,861,BYU1359,-0.0145,0.033,0.0329,AD1W,AD1,Wild,Wild
656,862,BYU1360,-0.0098,0.0807,0.0632,AD1W,AD1,Wild,Wild
657,863,BYU1361,-0.0095,0.081,0.0624,AD1W,AD1,Wild,Wild
658,864,BYU1362,-0.0091,0.0803,0.0592,AD1W,AD1,Wild,Wild
659,865,BYU1365,-0.0086,0.0826,0.0571,AD1W,AD1,Wild,Wild
660,866,BYU1369,-0.0116,0.0574,0.0221,AD1W,AD1,Wild,Wild
661,867,BYU1370,-0.0152,0.0151,0.0102,AD1W,AD1,Wild,Wild
662,868,BYU1371,-0.0097,0.0761,0.0573,AD1W,AD1,Wild,Wild
663,869,BYU1372,-0.0091,0.0324,0.0247,AD1W,AD1,Wild,Wild
664,870,BYU1373,-0.0156,0.0136,-0.01,AD1W,AD1,Wild,Wild
665,871,BYU1374,-0.0121,0.0528,-0.0547,AD1W,AD1,Wild,Wild
666,872,BYU1376,-0.0094,0.0793,0.0603,AD1W,AD1,Wild,Wild
667,873,BYU1382,-0.0095,0.0824,0.0615,AD1W,AD1,Wild,Wild
668,874,BYU1383,-0.0096,0.0783,0.0593,AD1W,AD1,Wild,Wild
669,875,BYU1385,-0.0097,0.0773,0.064,AD1W,AD1,Wild,Wild
670,876,BYU1386,-0.0095,0.0791,0.0624,AD1W,AD1,Wild,Wild
671,877,BYU1387,-0.0095,0.0794,0.0639,AD1W,AD1,Wild,Wild
672,878,BYU1388,-0.0099,0.078,0.0619,AD1W,AD1,Wild,Wild
673,879,BYU1389,-0.0139,0.0363,-0.0232,AD1W,AD1,Wild,Wild
674,880,BYU1391,-0.0123,0.0508,-0.0538,AD1W,AD1,Wild,Wild
675,881,BYU1392,-0.012,0.0508,-0.0502,AD1W,AD1,Wild,Wild
676,882,BYU1393,-0.0121,0.0587,-0.0244,AD1W,AD1,Wild,Wild
677,883,BYU1394,-0.0122,0.0577,-0.0289,AD1W,AD1,Wild,Wild
678,884,BYU1395,-0.0055,0.0376,-0.1066,AD1W,AD1,Wild,Wild
679,885,BYU1397,-0.0127,0.0487,-0.0537,AD1W,AD1,Wild,Wild
680,886,BYU1398,-0.0126,0.0448,-0.057,AD1W,AD1,Wild,Wild
681,887,BYU1399,-0.0037,0.0416,-0.1106,AD1W,AD1,Wild,Wild
682,888,BYU1400,-0.0039,0.0395,-0.1148,AD1W,AD1,Wild,Wild
683,889,BYU1401,-0.0044,0.0395,-0.1009,AD1W,AD1,Wild,Wild
684,890,BYU1402,-0.0048,0.0409,-0.1089,AD1W,AD1,Wild,Wild
685,891,BYU1403,-0.004,0.041,-0.1095,AD1W,AD1,Wild,Wild
686,892,BYU1404,-0.0073,0.0412,-0.0945,AD1W,AD1,Wild,Wild
687,893,BYU1405,-0.0119,0.0544,0.0334,AD1W,AD1,Wild,Wild
688,894,BYU1407,-0.0141,0.0371,0.0352,AD1W,AD1,Wild,Wild
689,895,BYU1408,-0.0097,0.0799,0.0585,AD1W,AD1,Wild,Wild
690,896,BYU1410,-0.0088,0.0787,0.0504,AD1W,AD1,Wild,Wild
691,897,BYU1411,-0.0091,0.0813,0.0542,AD1W,AD1,Wild,Wild
692,898,BYU1413,-0.0094,0.0792,0.0546,AD1W,AD1,Wild,Wild
693,899,BYU1414,-0.0096,0.0784,0.0551,AD1W,AD1,Wild,Wild
694,900,BYU1416,-0.012,0.0533,-0.0538,AD1W,AD1,Wild,Wild
695,901,BYU1417,-0.009,0.0782,0.0538,AD1W,AD1,Wild,Wild
696,902,BYU1426,-0.0129,0.0176,-0.0307,AD1W,AD1,Wild,Wild
697,903,BYU1427,-0.0146,0.0226,-0.0181,AD1W,AD1,Wild,Wild
698,904,BYU1429,-0.0126,0.0493,0.0322,AD1W,AD1,Wild,Wild
699,905,BYU1432,-0.0088,0.0632,0.0463,AD1W,AD1,Wild,Wild
700,906,BYU1433,-0.0094,0.0725,0.0522,AD1W,AD1,Wild,Wild
701,907,BYU1435,-0.0105,0.0449,0.0345,AD1W,AD1,Wild,Wild
702,908,BYU1436,-0.0085,0.0611,0.0485,AD1W,AD1,Wild,Wild
703,909,BYU1438,-0.0077,0.0544,0.0426,AD1W,AD1,Wild,Wild
704,910,BYU1439,-0.0098,0.0609,0.0443,AD1W,AD1,Wild,Wild
705,911,BYU1440,-0.0074,0.0583,0.0451,AD1W,AD1,Wild,Wild
706,912,BYU1441,-0.0132,0.0341,0.0329,AD1W,AD1,Wild,Wild
707,914,PLS1013,-0.0133,0.0431,-0.051,AD1W,AD1,Wild,Wild
708,915,BYU1231,-0.0144,0.0111,-0.0358,AD1W,AD1,Wild,Wild
709,916,BYU1232,-0.0157,0.0148,-0.0182,AD1W,AD1,Wild,Wild
710,917,BYU1233,-0.0152,0.0186,-0.0128,AD1W,AD1,Wild,Wild
711,918,BYU1234,-0.0156,0.0135,-0.016,AD1W,AD1,Wild,Wild
712,919,BYU1238,-0.0161,0.0041,-0.0363,AD1W,AD1,Wild,Wild
713,920,BYU1239,-0.0174,-0.0046,-0.0343,AD1W,AD1,Wild,Wild
714,921,BYU1240,-0.017,-0.0013,-0.0338,AD1W,AD1,Wild,Wild
715,922,BYU1241,-0.0146,0.0263,-0.0069,AD1W,AD1,Wild,Wild
716,923,BYU1242,-0.016,0.0091,-0.0118,AD1W,AD1,Wild,Wild
717,924,BYU1245,-0.0161,0.0042,-0.0421,AD1W,AD1,Wild,Wild
718,925,BYU1247,-0.0156,0.0065,-0.0437,AD1W,AD1,Wild,Wild
719,926,BYU1248,-0.0144,0.0255,-0.0534,AD1W,AD1,Wild,Wild
720,927,BYU1249,-0.0157,0.0066,-0.0463,AD1W,AD1,Wild,Wild
721,928,BYU1250,-0.0136,0.0241,-0.0026,AD1W,AD1,Wild,Wild
722,929,BYU1251,-0.0129,0.0173,-0.0316,AD1W,AD1,Wild,Wild
723,930,BYU1253,-0.0144,0.0251,-0.0007,AD1W,AD1,Wild,Wild
724,931,BYU1256,-0.0121,0.0514,0.0208,AD1W,AD1,Wild,Wild
725,932,BYU1257,-0.0151,0.0164,-0.0217,AD1W,AD1,Wild,Wild
726,933,BYU1260,-0.012,0.0482,-0.0621,AD1W,AD1,Wild,Wild
727,934,BYU1261,-0.0157,0.0069,-0.0365,AD1W,AD1,Wild,Wild
728,935,BYU1264,-0.0127,0.0483,-0.0575,AD1W,AD1,Wild,Wild
729,936,BYU1265,-0.0135,0.0399,-0.0463,AD1W,AD1,Wild,Wild
730,937,BYU1269,-0.0101,0.077,0.0224,AD1W,AD1,Wild,Wild
731,938,BYU1270,-0.0088,0.0472,-0.0724,AD1W,AD1,Wild,Wild
732,939,BYU1271,-0.0093,0.0732,0.0545,AD1W,AD1,Wild,Wild
733,940,BYU1272,-0.0142,0.0228,-0.0118,AD1W,AD1,Wild,Wild
734,941,BYU1273,-0.0172,-0.0042,-0.0351,AD1W,AD1,Wild,Wild
735,942,BYU1274,-0.0096,0.0796,0.0612,AD1W,AD1,Wild,Wild
736,943,BYU1275,-0.0097,0.0771,0.0625,AD1W,AD1,Wild,Wild
737,944,BYU1276,-0.0102,0.0753,0.0602,AD1W,AD1,Wild,Wild
738,945,BYU1277,-0.0157,0.0138,-0.0161,AD1W,AD1,Wild,Wild
739,946,BYU1278,-0.0143,0.0283,0.0007,AD1W,AD1,Wild,Wild
740,947,BYU1279,-0.012,0.0482,-0.0619,AD1W,AD1,Wild,Wild
741,948,BYU1280,-0.0155,0.0105,-0.0305,AD1W,AD1,Wild,Wild
742,949,BYU1282,-0.0096,0.0816,0.0622,AD1W,AD1,Wild,Wild
743,950,BYU1284,-0.0113,0.0628,-0.0185,AD1W,AD1,Wild,Wild
744,951,BYU1285,-0.0095,0.079,0.0587,AD1W,AD1,Wild,Wild
745,952,BYU1286,-0.0129,0.0455,-0.0505,AD1W,AD1,Wild,Wild
746,953,BYU1287,-0.0094,0.077,0.0558,AD1W,AD1,Wild,Wild
747,954,BYU1289,-0.0096,0.0763,0.0602,AD1W,AD1,Wild,Wild
748,955,BYU1290,-0.0147,0.0224,-0.0127,AD1W,AD1,Wild,Wild
749,956,BYU1293,-0.0125,0.041,0.0186,AD1W,AD1,Wild,Wild
750,957,BYU1298,-0.0093,0.0835,0.0585,AD1W,AD1,Wild,Wild
751,958,BYU1304,-0.012,0.0479,-0.0618,AD1W,AD1,Wild,Wild
752,959,BYU1306,-0.013,0.0481,-0.0479,AD1W,AD1,Wild,Wild
753,960,BYU1307,-0.0149,0.0217,-0.0158,AD1W,AD1,Wild,Wild
754,961,BYU1309,-0.0121,0.0465,-0.0608,AD1W,AD1,Wild,Wild
755,962,BYU1312,-0.0159,0.0127,-0.0321,AD1W,AD1,Wild,Wild
756,963,BYU1319,0.0074,0.017,0.0007,AD1W,AD1,Wild,Wild
757,964,BYU1324,-0.0086,0.0819,0.0585,AD1W,AD1,Wild,Wild
758,965,BYU1329,-0.0147,0.0213,-0.0202,AD1W,AD1,Wild,Wild
759,966,BYU1330,-0.0106,0.0752,0.0192,AD1W,AD1,Wild,Wild
760,967,BYU1337,-0.0149,0.0036,-0.0385,AD1W,AD1,Wild,Wild
761,968,BYU1346,-0.0087,0.0778,0.0465,AD1W,AD1,Wild,Wild
762,969,BYU1351,-0.0091,0.0825,0.0624,AD1W,AD1,Wild,Wild
763,970,BYU1355,-0.0094,0.0797,0.0575,AD1W,AD1,Wild,Wild
764,971,BYU1363,0.0007,0.0483,-0.1111,AD1W,AD1,Wild,Wild
765,972,BYU1364,-0.0091,0.0779,0.0517,AD1W,AD1,Wild,Wild
766,973,BYU1366,-0.0098,0.0817,0.0614,AD1W,AD1,Wild,Wild
767,974,BYU1367,-0.0096,0.0812,0.0588,AD1W,AD1,Wild,Wild
768,975,BYU1368,-0.0091,0.0748,0.0526,AD1W,AD1,Wild,Wild
769,976,BYU1375,-0.0079,0.0793,0.0562,AD1W,AD1,Wild,Wild
770,977,BYU1377,-0.0141,0.0321,0.0053,AD1W,AD1,Wild,Wild
771,978,BYU1378,-0.0095,0.0822,0.0544,AD1W,AD1,Wild,Wild
772,979,BYU1379,-0.0095,0.0812,0.0494,AD1W,AD1,Wild,Wild
773,980,BYU1380,0.0002,0.0468,-0.1068,AD1W,AD1,Wild,Wild
774,981,BYU1381,-0.0128,0.0483,-0.0566,AD1W,AD1,Wild,Wild
775,982,BYU1384,-0.0095,0.0786,0.0605,AD1W,AD1,Wild,Wild
776,983,BYU1390,-0.0155,0.0181,-0.0313,AD1W,AD1,Wild,Wild
777,984,BYU1396,-0.0099,0.0802,0.0499,AD1W,AD1,Wild,Wild
778,986,BYU1406,-0.0097,0.0815,0.0622,AD1W,AD1,Wild,Wild
779,987,BYU1409,-0.0099,0.0819,0.0626,AD1W,AD1,Wild,Wild
780,988,BYU1412,0.0005,0.0471,-0.1106,AD1W,AD1,Wild,Wild
781,989,BYU1415,-0.0098,0.0794,0.0605,AD1W,AD1,Wild,Wild
782,990,BYU1418,-0.0099,0.0819,0.0641,AD1W,AD1,Wild,Wild
783,991,BYU1419,-0.0123,0.0454,-0.0274,AD1W,AD1,Wild,Wild
784,992,BYU1420,-0.0131,0.0393,-0.0162,AD1W,AD1,Wild,Wild
785,993,BYU1421,-0.0131,0.039,-0.0157,AD1W,AD1,Wild,Wild
786,994,BYU1422,-0.0118,0.0579,-0.0252,AD1W,AD1,Wild,Wild
787,997,BYU1423,-0.0031,0.0415,-0.0984,AD1W,AD1,Wild,Wild
788,998,BYU1424,-0.0092,0.0822,0.0582,AD1W,AD1,Wild,Wild
789,999,BYU1425,-0.0096,0.0825,0.0591,AD1W,AD1,Wild,Wild
790,1000,BYU1428,-0.0148,0.0164,-0.0302,AD1W,AD1,Wild,Wild
791,1002,BYU1430,-0.0115,0.0481,-0.0499,AD1W,AD1,Wild,Wild
792,1003,BYU1431,-0.0132,0.0458,0.0453,AD1W,AD1,Wild,Wild
793,1004,BYU1434,-0.0078,0.0717,0.0573,AD1W,AD1,Wild,Wild
794,1005,BYU1437,-0.0093,0.0661,0.0501,AD1W,AD1,Wild,Wild
795,122,BYU2041,0.0645,-0.0066,0.0027,AD2,AD2,,
796,123,BYU2042,0.0642,-0.007,0.0016,AD2,AD2,,
797,124,BYU2043,0.0644,-0.0067,0.0018,AD2,AD2,,
798,125,BYU2044,0.0655,-0.0073,0.0051,AD2,AD2,,
799,126,BYU2045,0.0655,-0.0075,0.0046,AD2,AD2,,
800,127,BYU2047,0.0653,-0.0069,0.0032,AD2,AD2,,
801,128,BYU2049,0.0643,-0.0075,0.0039,AD2,AD2,,
802,129,BYU2050,0.0648,-0.0072,0.0026,AD2,AD2,,
803,130,BYU2051,0.0655,-0.0075,0.0045,AD2,AD2,,
804,131,BYU2052,0.0638,-0.0057,-0.0014,AD2,AD2,,
805,132,BYU2053,0.0648,-0.0071,0.0032,AD2,AD2,,
806,133,BYU2054,0.0654,-0.0073,0.0041,AD2,AD2,,
807,134,BYU2055,0.0653,-0.0072,0.0039,AD2,AD2,,
808,135,BYU2056,0.0643,-0.0063,0.0007,AD2,AD2,,
809,136,BYU2058,0.0619,-0.004,-0.0053,AD2,AD2,,
810,137,BYU2059,0.062,-0.0042,-0.0052,AD2,AD2,,
811,138,BYU2060,0.063,-0.0052,-0.0022,AD2,AD2,,
812,139,BYU2061,0.0633,-0.0056,-0.0002,AD2,AD2,,
813,140,BYU2062,0.0658,-0.0075,0.0046,AD2,AD2,,
814,141,BYU2063,0.0497,-0.0144,0.0077,AD2,AD2,,
815,142,BYU2067,0.0642,-0.0094,0.0129,AD2,AD2,,
816,143,BYU2068,0.0656,-0.0072,0.0041,AD2,AD2,,
817,144,BYU2071,0.0625,-0.01,0.0144,AD2,AD2,,
818,145,BYU2073,0.061,-0.0081,0.0103,AD2,AD2,,
819,146,BYU2075,0.062,-0.0086,0.0107,AD2,AD2,,
820,147,BYU2076,0.0623,-0.0103,0.0144,AD2,AD2,,
821,148,BYU2084,0.0656,-0.0076,0.0051,AD2,AD2,,
822,149,BYU2085,0.0643,-0.0067,0.0029,AD2,AD2,,
823,150,BYU2087,0.0647,-0.0061,0.0054,AD2,AD2,,
824,151,BYU2088,0.0662,-0.0081,0.0077,AD2,AD2,,
825,152,BYU2090,0.0622,-0.0043,-0.0062,AD2,AD2,,
826,153,BYU2096,0.0636,-0.0059,-0.0005,AD2,AD2,,
827,154,BYU2097,0.0655,-0.0072,0.0048,AD2,AD2,,
828,155,BYU2099,0.0652,-0.0071,0.0038,AD2,AD2,,
829,156,BYU2101,0.0655,-0.0076,0.0046,AD2,AD2,,
830,157,BYU2102,0.0649,-0.0081,0.0065,AD2,AD2,,
831,158,BYU2103,0.0628,-0.0048,-0.0015,AD2,AD2,,
832,159,BYU2104,0.0632,-0.0052,-0.003,AD2,AD2,,
833,160,BYU2105,0.0645,-0.0064,0.0015,AD2,AD2,,
834,161,BYU2106,0.0651,-0.0073,0.0033,AD2,AD2,,
835,162,BYU2107,0.0656,-0.0077,0.0044,AD2,AD2,,
836,163,BYU2108,0.0652,-0.0069,0.0032,AD2,AD2,,
837,164,BYU2109,0.0647,-0.0065,0.0014,AD2,AD2,,
838,165,BYU2113,0.0653,-0.0073,0.0036,AD2,AD2,,
839,166,BYU2114,0.0656,-0.0078,0.0054,AD2,AD2,,
840,167,BYU2115,0.0651,-0.0071,0.003,AD2,AD2,,
841,168,BYU2116,0.0655,-0.0075,0.0045,AD2,AD2,,
842,169,BYU2119,0.0658,-0.0074,0.0054,AD2,AD2,,
843,170,BYU2120,0.0657,-0.0073,0.0067,AD2,AD2,,
844,171,BYU2121,0.0631,-0.0055,-0.0015,AD2,AD2,,
845,172,BYU2122,0.0648,-0.0067,0.0027,AD2,AD2,,
846,173,BYU2123,0.0611,-0.0032,-0.0096,AD2,AD2,,
847,174,BYU2125,0.0656,-0.0073,0.0043,AD2,AD2,,
848,175,BYU2126,0.0653,-0.0076,0.0041,AD2,AD2,,
849,176,BYU2127,0.0656,-0.0075,0.0068,AD2,AD2,,
850,177,BYU2128,0.0631,-0.0052,-0.0024,AD2,AD2,,
851,178,BYU2130,0.0254,-0.0017,-0.0243,AD2,AD2,,
852,179,BYU2132,0.0653,-0.0068,0.0028,AD2,AD2,,
853,180,BYU2135,0.0652,-0.008,0.0068,AD2,AD2,,
854,181,BYU2136,0.0649,-0.0066,0.0042,AD2,AD2,,
855,182,BYU2137,0.0651,-0.0068,0.0023,AD2,AD2,,
856,183,BYU2144,0.0632,-0.0089,0.0136,AD2,AD2,,
857,184,BYU2145,0.0655,-0.0073,0.0045,AD2,AD2,,
858,185,BYU2149,0.0606,-0.0065,0.0045,AD2,AD2,,
859,186,BYU2150,0.063,-0.0092,0.014,AD2,AD2,,
860,187,BYU2162,0.0647,-0.0068,0.0028,AD2,AD2,,
861,188,BYU2164,0.0635,-0.0092,0.014,AD2,AD2,,
862,189,BYU2172,0.0631,-0.0098,0.0136,AD2,AD2,,
863,190,BYU2021,0.0624,-0.0095,0.0139,AD2,AD2,,Mutant
864,191,BYU2022,0.0635,-0.0096,0.0148,AD2,AD2,,Mutant
865,192,PLS1016,0.0605,-0.0123,0.0161,AD2,AD2,,
866,193,PLS1017,0.0639,-0.0092,0.0054,AD2,AD2,,
867,194,BYU2178,0.0654,-0.0089,0.0048,AD2,AD2,,
868,195,PLS1018,-0.0135,0.0392,-0.0365,AD2,AD2,,
869,196,PLS1019,0.0645,-0.0095,0.0062,AD2,AD2,,
870,197,PLS1020,0.0622,-0.0067,-0.0011,AD2,AD2,,
871,198,PLS1021,0.0642,-0.0091,0.0053,AD2,AD2,,
872,199,PLS1022,0.0636,-0.009,0.0054,AD2,AD2,,
873,200,PLS1023,0.0593,-0.0048,-0.0081,AD2,AD2,,
874,201,PLS1024,0.0598,-0.0055,-0.0076,AD2,AD2,,
875,202,BYU2179,0.0612,-0.0051,-0.0086,AD2,AD2,,
876,203,PLS1025,0.0636,-0.0093,0.006,AD2,AD2,,
877,204,BYU2180,0.0655,-0.0092,0.0054,AD2,AD2,,
878,205,PLS1026,0.0641,-0.0091,0.0054,AD2,AD2,,
879,206,BYU2181,0.0654,-0.009,0.0048,AD2,AD2,,
880,207,PLS1014,0.0599,-0.0088,0.0044,AD2,AD2,,
881,208,PLS1015,0.0626,-0.0099,0.0061,AD2,AD2,,
882,209,BYU2046,0.0632,-0.008,0.0084,AD2,AD2,,
883,210,BYU2048,0.0635,-0.0058,-0.0011,AD2,AD2,,
884,211,BYU2057,0.0634,-0.0057,-0.0004,AD2,AD2,,
885,212,BYU2064,0.0618,-0.0084,0.0113,AD2,AD2,,
886,213,BYU2065,0.0652,-0.0071,0.0037,AD2,AD2,,
887,214,BYU2066,0.0653,-0.0071,0.004,AD2,AD2,,
888,215,BYU2069,0.0632,-0.0095,0.0143,AD2,AD2,,
889,216,BYU2070,0.0632,-0.0094,0.0127,AD2,AD2,,
890,217,BYU2072,0.0621,-0.0085,0.0115,AD2,AD2,,
891,218,BYU2074,0.0623,-0.0099,0.0149,AD2,AD2,,
892,219,BYU2077,0.0615,-0.0103,0.0148,AD2,AD2,,
893,220,BYU2078,0.0622,-0.0102,0.0153,AD2,AD2,,
894,221,BYU2079,0.0608,-0.01,0.0144,AD2,AD2,,
895,222,BYU2080,0.0386,-0.0112,0.0131,AD2,AD2,,
896,223,BYU2081,0.0619,-0.0099,0.0151,AD2,AD2,,
897,224,BYU2082,0.0635,-0.0096,0.0147,AD2,AD2,,
898,225,BYU2083,0.0144,-0.0097,0.0005,AD2,AD2,,
899,226,BYU2086,0.065,-0.0068,0.007,AD2,AD2,,
900,227,BYU2089,0.0615,-0.0042,-0.0043,AD2,AD2,,
901,228,BYU2091,0.0638,-0.0059,-0.0007,AD2,AD2,,
902,229,BYU2092,0.0628,-0.0047,-0.0046,AD2,AD2,,
903,230,BYU2093,0.0611,-0.0037,-0.0083,AD2,AD2,,
904,231,BYU2094,0.0621,-0.0044,-0.0047,AD2,AD2,,
905,232,BYU2095,0.0617,-0.0037,-0.0062,AD2,AD2,,
906,233,BYU2098,0.0655,-0.0073,0.0047,AD2,AD2,,
907,234,BYU2100,0.065,-0.0071,0.0026,AD2,AD2,,
908,235,BYU2110,0.0656,-0.0081,0.0069,AD2,AD2,,
909,236,BYU2111,0.0654,-0.0072,0.0047,AD2,AD2,,
910,237,BYU2112,0.0629,-0.0049,0,AD2,AD2,,
911,238,BYU2117,0.0655,-0.0076,0.0045,AD2,AD2,,
912,239,BYU2118,0.0656,-0.0074,0.0042,AD2,AD2,,
913,240,BYU2124,0.0597,-0.0019,-0.0135,AD2,AD2,,
914,241,BYU2129,0.0617,-0.004,-0.0068,AD2,AD2,,
915,242,BYU2131,0.0228,-0.0131,-0.0241,AD2,AD2,,
916,243,BYU2133,0.0654,-0.0082,0.0061,AD2,AD2,,
917,244,BYU2134,0.064,-0.0055,0.0029,AD2,AD2,,
918,245,BYU2138,0.0647,-0.0071,0.0027,AD2,AD2,,
919,246,BYU2139,0.0649,-0.007,0.004,AD2,AD2,,
920,247,BYU2140,0.0644,-0.0069,0.003,AD2,AD2,,
921,248,BYU2141,0.0613,-0.0094,0.0127,AD2,AD2,,
922,249,BYU2142,0.0645,-0.007,0.0019,AD2,AD2,,
923,250,BYU2143,0.0631,-0.009,0.0146,AD2,AD2,,
924,251,BYU2146,0.0627,-0.0091,0.0128,AD2,AD2,,
925,252,BYU2147,0.0626,-0.0089,0.0124,AD2,AD2,,
926,253,BYU2148,0.0633,-0.0088,0.0112,AD2,AD2,,
927,254,BYU2151,0.062,-0.0097,0.0144,AD2,AD2,,
928,255,BYU2152,0.0631,-0.0097,0.0161,AD2,AD2,,
929,256,BYU2153,0.0655,-0.0075,0.004,AD2,AD2,,
930,257,BYU2154,0.059,-0.0014,-0.0145,AD2,AD2,,
931,258,BYU2155,0.0624,-0.0091,0.0134,AD2,AD2,,
932,259,BYU2156,0.0629,-0.0085,0.0131,AD2,AD2,,
933,260,BYU2157,0.0639,-0.0091,0.0109,AD2,AD2,,
934,261,BYU2158,0.063,-0.0094,0.0139,AD2,AD2,,
935,262,BYU2159,0.0638,-0.0086,0.012,AD2,AD2,,
936,263,BYU2160,0.0649,-0.0071,0.0038,AD2,AD2,,
937,264,BYU2161,0.065,-0.0069,0.0032,AD2,AD2,,
938,265,BYU2163,0.0635,-0.0069,0.0027,AD2,AD2,,
939,266,BYU2165,0.0647,-0.0075,0.006,AD2,AD2,,
940,267,BYU2166,0.0622,-0.009,0.0112,AD2,AD2,,
941,268,BYU2167,0.0425,-0.0099,0.01,AD2,AD2,,
942,269,BYU2168,0.0647,-0.0069,0.0028,AD2,AD2,,
943,270,BYU2169,0.0627,-0.0089,0.0117,AD2,AD2,,
944,271,BYU2170,0.0634,-0.0084,0.0104,AD2,AD2,,
945,272,BYU2171,0.0628,-0.0096,0.0131,AD2,AD2,,
946,273,BYU2173,0.0634,-0.0096,0.013,AD2,AD2,,
947,274,BYU2174,0.0629,-0.009,0.0106,AD2,AD2,,
948,275,BYU2175,0.0463,-0.0099,0.0005,AD2,AD2,,
949,276,BYU2176,0.0609,-0.0091,0.012,AD2,AD2,,
950,277,BYU2177,0.0631,-0.0093,0.0148,AD2,AD2,,
951,295,BYU2023,0.0622,-0.0098,0.0149,AD2,AD2,,Mutant
952,296,BYU2024,0.0624,-0.0096,0.0152,AD2,AD2,,Mutant
953,297,BYU2025,0.0621,-0.0098,0.0149,AD2,AD2,,Mutant
954,298,BYU2026,0.0593,-0.0101,0.014,AD2,AD2,,Mutant
955,299,BYU2027,0.0631,-0.0094,0.0153,AD2,AD2,,Mutant
956,300,BYU2028,0.063,-0.0095,0.0153,AD2,AD2,,Mutant
957,302,BYU2029,0.0626,-0.0099,0.0156,AD2,AD2,,Mutant
958,303,BYU2030,0.0627,-0.0098,0.0157,AD2,AD2,,Mutant
959,304,BYU2031,0.0626,-0.0098,0.0155,AD2,AD2,,Mutant
960,306,BYU2032,0.0621,-0.0098,0.0151,AD2,AD2,,Mutant
961,307,BYU2033,0.0627,-0.0098,0.0155,AD2,AD2,,Mutant
962,308,BYU2034,0.0632,-0.0095,0.0154,AD2,AD2,,Mutant
963,324,BYU2182,-0.0151,0.0194,-0.009,AD2,AD2,,
964,1009,BYU2035,0.0171,0.0337,-0.0937,AD2,AD2,,Mutant
965,39,BYU2001,0.061,-0.0101,0.0135,AD2C,AD2,Cultivar,Cultivar
966,110,PLS1027,0.0607,-0.0117,0.017,AD2C,AD2,Cultivar,Cultivar
967,330,BYU2003,0.0632,-0.0111,0.0164,AD2C,AD2,Cultivar,Cultivar
968,331,PLS1028,0.061,-0.011,0.0154,AD2C,AD2,Cultivar,Cultivar
969,442,PLS4006,0.0623,-0.0121,0.0156,AD2C,AD2,Cultivar,Cultivar
970,462,BYU2004,0.0623,-0.0106,0.0148,AD2C,AD2,Cultivar,Cultivar
971,464,BYU2005,0.0632,-0.0095,0.0155,AD2C,AD2,Cultivar,Cultivar
972,781,PLS6086,0.011,-0.0174,0.0107,AD2C,AD2,Cultivar,Cultivar
973,783,PLS6121,0.0495,-0.0114,0.0121,AD2C,AD2,Cultivar,Cultivar
974,1001,BYU2006,0.0655,-0.0075,0.0045,AD2C,AD2,Cultivar,Cultivar
975,1024,BYU2002,0.0625,-0.0112,0.0152,AD2C,AD2,Cultivar,Cultivar
976,121,BYU2036,0.0615,-0.0075,2.80E-03,AD2W,AD2,Wild,Wild
977,278,BYU2037,0.0636,-0.0074,0.0003,AD2W,AD2,Wild,Wild
978,283,BYU2038,0.0647,-0.0086,0.003,AD2W,AD2,Wild,Wild
979,325,BYU2040,0.0648,-0.0076,0.004,AD2W,AD2,Wild,Wild
980,457,PLS4022,0.0623,-0.0092,0.0023,AD2W,AD2,Wild,Wild
981,782,PLS6108,0.0147,-0.0122,-0.0078,AD2W,AD2,Wild,Wild
982,1008,BYU2039,0.063,-0.0069,-0.0022,AD2W,AD2,Wild,Wild
983,1010,BYU2007,0.0589,-0.0034,-0.0141,AD2W,AD2,Wild,Wild
984,1011,BYU2008,-0.0189,-0.0177,0.0068,AD2W,AD2,Wild,Wild
985,1012,BYU2009,0.0468,-0.0079,-0.01,AD2W,AD2,Wild,Wild
986,1013,BYU2010,0.0421,-0.0066,-0.0056,AD2W,AD2,Wild,Wild
987,1014,BYU2011,0.036,-0.0101,0.0022,AD2W,AD2,Wild,Wild
988,1015,BYU2012,0.0595,-0.0043,-0.0112,AD2W,AD2,Wild,Wild
989,1016,BYU2013,0.0605,-0.0053,-0.008,AD2W,AD2,Wild,Wild
990,1017,BYU2014,0.0371,-0.0081,0.0003,AD2W,AD2,Wild,Wild
991,1018,BYU2015,0.0599,-0.004,-0.0119,AD2W,AD2,Wild,Wild
992,1019,BYU2016,0.0598,-0.0044,-0.0105,AD2W,AD2,Wild,Wild
993,1020,BYU2017,0.061,-0.0049,-0.0081,AD2W,AD2,Wild,Wild
994,1021,BYU2018,0.0445,-0.0096,-0.0116,AD2W,AD2,Wild,Wild
995,1022,BYU2019,0.0601,-0.0042,-0.0111,AD2W,AD2,Wild,Wild
996,1023,BYU2020,0.0516,-0.0068,-0.0061,AD2W,AD2,Wild,Wild
997,5,PLS1029,0.0122,0.0366,-0.098,AD3,AD3,,
998,6,BYU3004,0.0129,0.0399,-0.101,AD3,AD3,,
999,7,BYU3005,0.0129,0.0399,-0.1009,AD3,AD3,,
1000,8,BYU3002,0.0129,0.0398,-0.1009,AD3,AD3,,
1001,9,BYU3003,0.0128,0.0396,-0.1008,AD3,AD3,,
1002,279,BYU3006,0.0129,0.0398,-0.1009,AD3,AD3,,
1003,439,PLS4003,0.0125,0.0378,-0.0998,AD3,AD3,,
1004,10,PLS1030,0.0167,0.0312,-0.0915,AD4,AD4,,
1005,11,BYU3008,0.0176,0.0341,-0.0946,AD4,AD4,,
1006,12,BYU3009,0.0175,0.0342,-0.0947,AD4,AD4,,
1007,13,BYU3007,0.0173,0.0341,-0.094,AD4,AD4,,
1008,328,BYU3010,-0.0029,0.0443,-0.0995,AD4,AD4,,
1009,438,PLS4002,0.0172,0.0332,-0.0946,AD4,AD4,,
1010,14,PLS1031,0.0522,0.0007,-0.0261,AD5,AD5,,
1011,15,BYU3011,0.0536,0.0023,-0.0276,AD5,AD5,,
1012,16,BYU3012,0.0193,-0.0034,-0.0233,AD5,AD5,,
1013,17,BYU3013,0.0533,0.0039,-0.0286,AD5,AD5,,
1014,437,PLS4001,0.0531,0.0014,-0.0272,AD5,AD5,,
1015,18,PLS1032,-0.0063,0.0544,-0.0199,AD6,AD6,,
1016,280,BYU3015,-0.0027,0.0427,-0.1001,AD6,AD6,,
1017,440,PLS4004,-0.0025,0.0412,-0.0988,AD6,AD6,,
1018,913,BYU3018,-0.0191,-0.0221,-0.0134,AD6,AD6,,
1019,995,BYU3016,-0.0019,0.0429,-1.00E-01,AD6,AD6,,
1020,996,BYU3017,-0.0025,0.0432,-0.0984,AD6,AD6,,
1021,19,PLS1033,-0.0091,0.0397,-0.0119,AD7,AD7,,
1022,20,PLS1034,-0.0093,0.0399,-0.0121,AD7,AD7,,
1023,3,BYU3019,0.0151,0.027,-0.0761,Others,Others,,
1024,4,BYU3020,-0.0144,0.0248,-0.0291,Others,Others,,